analysis_row_id,lnp_id,paper_doi,md_source_lnp_id,transfection_active,fold,feature,display_name,family,shap_value,abs_shap_value,md_value
130,193,10.1038/mtna.2014.61,LNP193,1,0,md_LNP_only_Rg_nm_mean_last100ns,LNP radius of gyration,size_shape,0.022392442802131277,0.022392442802131277,5.489443238
130,193,10.1038/mtna.2014.61,LNP193,1,0,md_LNP_core_Rg_nm_mean_last100ns,Core radius of gyration,size_shape,0.01753566612686054,0.01753566612686054,5.376125881
130,193,10.1038/mtna.2014.61,LNP193,1,0,md_LNP_only_SASA_nm2_mean_last100ns,LNP solvent-accessible area,size_shape,-0.002585839111736654,0.002585839111736654,4054.701663
130,193,10.1038/mtna.2014.61,LNP193,1,0,md_RNA_Rg_nm_mean_last100ns,RNA radius of gyration,size_shape,-0.0014275637321483907,0.0014275637321483907,2.124011248
130,193,10.1038/mtna.2014.61,LNP193,1,0,md_LNP_RNA_Rg_nm_mean_last100ns,LNP-RNA radius of gyration,size_shape,0.01787410953244745,0.01787410953244745,5.553874802
130,193,10.1038/mtna.2014.61,LNP193,1,0,md_RNA_LNP_COM_distance_nm_mean_last100ns,RNA-LNP center distance,rna_association,6.164492664741319e-05,6.164492664741319e-05,7.914356436
130,193,10.1038/mtna.2014.61,LNP193,1,0,md_RNA_LNP_mindist_nm_mean_last100ns,RNA-LNP minimum distance,rna_association,0.0002873618954348122,0.0002873618954348122,0.3470697188
130,193,10.1038/mtna.2014.61,LNP193,1,0,md_RNA_LNP_contacts_0p6nm_mean_last100ns,RNA-LNP contacts,rna_association,-0.0034725081176194728,0.0034725081176194728,155.7722772
130,193,10.1038/mtna.2014.61,LNP193,1,0,md_RNA_buried_fraction_contact_based_mean_last100ns,RNA buried fraction,rna_association,-0.005471265311074357,0.005471265311074357,0.1167681592
130,193,10.1038/mtna.2014.61,LNP193,1,0,md_LNP_only_shape_anisotropy_kappa2_mean_last100ns,Shape anisotropy,size_shape,-0.00013209596893491132,0.00013209596893491132,0.02506829487
130,193,10.1038/mtna.2014.61,LNP193,1,0,md_LNP_only_compactness_inv_Rg_1_per_nm_mean_last100ns,LNP compactness,size_shape,0.015766020118855365,0.015766020118855365,0.1780959975
130,193,10.1038/mtna.2014.61,LNP193,1,0,md_water_inside_LNP_core_RgSphere_count_fraction_of_total_water_mean_last100ns,Core water fraction,water_penetration,0.013057803038066933,0.013057803038066933,3.982436308e-05
131,194,10.1038/mtna.2014.61,LNP194,1,1,md_LNP_only_Rg_nm_mean_last100ns,LNP radius of gyration,size_shape,0.009131544731242289,0.009131544731242289,7.101046039603959
131,194,10.1038/mtna.2014.61,LNP194,1,1,md_LNP_core_Rg_nm_mean_last100ns,Core radius of gyration,size_shape,0.007736547450005835,0.007736547450005835,7.135909217821783
131,194,10.1038/mtna.2014.61,LNP194,1,1,md_LNP_only_SASA_nm2_mean_last100ns,LNP solvent-accessible area,size_shape,0.002267897274765028,0.002267897274765028,4707.760643564356
131,194,10.1038/mtna.2014.61,LNP194,1,1,md_RNA_Rg_nm_mean_last100ns,RNA radius of gyration,size_shape,-0.0017298100547859666,0.0017298100547859666,2.124910623762376
131,194,10.1038/mtna.2014.61,LNP194,1,1,md_LNP_RNA_Rg_nm_mean_last100ns,LNP-RNA radius of gyration,size_shape,0.01237564313849207,0.01237564313849207,7.149568683168318
131,194,10.1038/mtna.2014.61,LNP194,1,1,md_RNA_LNP_COM_distance_nm_mean_last100ns,RNA-LNP center distance,rna_association,-0.0002029783798358724,0.0002029783798358724,9.344267326732677
131,194,10.1038/mtna.2014.61,LNP194,1,1,md_RNA_LNP_mindist_nm_mean_last100ns,RNA-LNP minimum distance,rna_association,0.0025343427791344464,0.0025343427791344464,0.7275512732673268
131,194,10.1038/mtna.2014.61,LNP194,1,1,md_RNA_LNP_contacts_0p6nm_mean_last100ns,RNA-LNP contacts,rna_association,-0.015242530894331374,0.015242530894331374,14.178217821782178
131,194,10.1038/mtna.2014.61,LNP194,1,1,md_RNA_buried_fraction_contact_based_mean_last100ns,RNA buried fraction,rna_association,-0.012648302340466093,0.012648302340466093,0.0107495377564881
131,194,10.1038/mtna.2014.61,LNP194,1,1,md_LNP_only_shape_anisotropy_kappa2_mean_last100ns,Shape anisotropy,size_shape,-0.02862746685991148,0.02862746685991148,0.2193473303150998
131,194,10.1038/mtna.2014.61,LNP194,1,1,md_LNP_only_compactness_inv_Rg_1_per_nm_mean_last100ns,LNP compactness,size_shape,0.006668083979843629,0.006668083979843629,0.1410106211718841
131,194,10.1038/mtna.2014.61,LNP194,1,1,md_water_inside_LNP_core_RgSphere_count_fraction_of_total_water_mean_last100ns,Core water fraction,water_penetration,0.004928458389852205,0.004928458389852205,0.0090947516062154
132,195,10.1038/mtna.2014.61,LNP195,0,2,md_LNP_only_Rg_nm_mean_last100ns,LNP radius of gyration,size_shape,-0.024763589362026866,0.024763589362026866,11.358418466607128
132,195,10.1038/mtna.2014.61,LNP195,0,2,md_LNP_core_Rg_nm_mean_last100ns,Core radius of gyration,size_shape,-0.02711883712352464,0.02711883712352464,11.341151130519153
132,195,10.1038/mtna.2014.61,LNP195,0,2,md_LNP_only_SASA_nm2_mean_last100ns,LNP solvent-accessible area,size_shape,0.0002709248120706575,0.0002709248120706575,3677.57321224961
132,195,10.1038/mtna.2014.61,LNP195,0,2,md_RNA_Rg_nm_mean_last100ns,RNA radius of gyration,size_shape,0.007181869827703166,0.007181869827703166,2.090463132162609
132,195,10.1038/mtna.2014.61,LNP195,0,2,md_LNP_RNA_Rg_nm_mean_last100ns,LNP-RNA radius of gyration,size_shape,-0.03282260124135125,0.03282260124135125,11.385549170764335
132,195,10.1038/mtna.2014.61,LNP195,0,2,md_RNA_LNP_COM_distance_nm_mean_last100ns,RNA-LNP center distance,rna_association,0.007852289059320313,0.007852289059320313,12.396088481333706
132,195,10.1038/mtna.2014.61,LNP195,0,2,md_RNA_LNP_mindist_nm_mean_last100ns,RNA-LNP minimum distance,rna_association,0.004558761213709132,0.004558761213709132,0.3867489708106422
132,195,10.1038/mtna.2014.61,LNP195,0,2,md_RNA_LNP_contacts_0p6nm_mean_last100ns,RNA-LNP contacts,rna_association,-0.0014192949535583458,0.0014192949535583458,65.83333333333333
132,195,10.1038/mtna.2014.61,LNP195,0,2,md_RNA_buried_fraction_contact_based_mean_last100ns,RNA buried fraction,rna_association,-0.001993649605281549,0.001993649605281549,0.049896731822751
132,195,10.1038/mtna.2014.61,LNP195,0,2,md_LNP_only_shape_anisotropy_kappa2_mean_last100ns,Shape anisotropy,size_shape,-0.0009673076923076911,0.0009673076923076911,0.3482841659220696
132,195,10.1038/mtna.2014.61,LNP195,0,2,md_LNP_only_compactness_inv_Rg_1_per_nm_mean_last100ns,LNP compactness,size_shape,-0.023157334047401005,0.023157334047401005,0.0882616801105028
132,195,10.1038/mtna.2014.61,LNP195,0,2,md_water_inside_LNP_core_RgSphere_count_fraction_of_total_water_mean_last100ns,Core water fraction,water_penetration,-0.017819606608669075,0.017819606608669075,0.0840286841279432
294,782,10.1002/btm2.10580,LNP782,1,3,md_LNP_only_Rg_nm_mean_last100ns,LNP radius of gyration,size_shape,0.015020982397211823,0.015020982397211823,5.811491940594056
294,782,10.1002/btm2.10580,LNP782,1,3,md_LNP_core_Rg_nm_mean_last100ns,Core radius of gyration,size_shape,0.01630830216903039,0.01630830216903039,4.58868065346535
294,782,10.1002/btm2.10580,LNP782,1,3,md_LNP_only_SASA_nm2_mean_last100ns,LNP solvent-accessible area,size_shape,0.007188836523745886,0.007188836523745886,6779.617455445545
294,782,10.1002/btm2.10580,LNP782,1,3,md_RNA_Rg_nm_mean_last100ns,RNA radius of gyration,size_shape,-0.001583601989303743,0.001583601989303743,2.1125544059405943
294,782,10.1002/btm2.10580,LNP782,1,3,md_LNP_RNA_Rg_nm_mean_last100ns,LNP-RNA radius of gyration,size_shape,0.01099320957102932,0.01099320957102932,5.835522237623761
294,782,10.1002/btm2.10580,LNP782,1,3,md_RNA_LNP_COM_distance_nm_mean_last100ns,RNA-LNP center distance,rna_association,0.0003929957360031544,0.0003929957360031544,7.267792079207922
294,782,10.1002/btm2.10580,LNP782,1,3,md_RNA_LNP_mindist_nm_mean_last100ns,RNA-LNP minimum distance,rna_association,-0.00024795616314158474,0.00024795616314158474,0.3484136514851487
294,782,10.1002/btm2.10580,LNP782,1,3,md_RNA_LNP_contacts_0p6nm_mean_last100ns,RNA-LNP contacts,rna_association,-0.007478805720816753,0.007478805720816753,360.0693069306931
294,782,10.1002/btm2.10580,LNP782,1,3,md_RNA_buried_fraction_contact_based_mean_last100ns,RNA buried fraction,rna_association,-0.0046488277994967036,0.0046488277994967036,0.2813529881034643
294,782,10.1002/btm2.10580,LNP782,1,3,md_LNP_only_shape_anisotropy_kappa2_mean_last100ns,Shape anisotropy,size_shape,0.005537796195965575,0.005537796195965575,0.0095335973251702
294,782,10.1002/btm2.10580,LNP782,1,3,md_LNP_only_compactness_inv_Rg_1_per_nm_mean_last100ns,LNP compactness,size_shape,0.009849802926235983,0.009849802926235983,0.1673944739306458
294,782,10.1002/btm2.10580,LNP782,1,3,md_water_inside_LNP_core_RgSphere_count_fraction_of_total_water_mean_last100ns,Core water fraction,water_penetration,0.010375076250482352,0.010375076250482352,5.603014406033716e-05
357,875,https://doi.org/10.1101/2023.11.09.565872,LNP782,1,3,md_LNP_only_Rg_nm_mean_last100ns,LNP radius of gyration,size_shape,0.016102639893189927,0.016102639893189927,5.811491940594056
357,875,https://doi.org/10.1101/2023.11.09.565872,LNP782,1,3,md_LNP_core_Rg_nm_mean_last100ns,Core radius of gyration,size_shape,0.017644315061527187,0.017644315061527187,4.58868065346535
357,875,https://doi.org/10.1101/2023.11.09.565872,LNP782,1,3,md_LNP_only_SASA_nm2_mean_last100ns,LNP solvent-accessible area,size_shape,0.007323208329080003,0.007323208329080003,6779.617455445545
357,875,https://doi.org/10.1101/2023.11.09.565872,LNP782,1,3,md_RNA_Rg_nm_mean_last100ns,RNA radius of gyration,size_shape,-0.001583601989303743,0.001583601989303743,2.1125544059405943
357,875,https://doi.org/10.1101/2023.11.09.565872,LNP782,1,3,md_LNP_RNA_Rg_nm_mean_last100ns,LNP-RNA radius of gyration,size_shape,0.011669402617466686,0.011669402617466686,5.835522237623761
357,875,https://doi.org/10.1101/2023.11.09.565872,LNP782,1,3,md_RNA_LNP_COM_distance_nm_mean_last100ns,RNA-LNP center distance,rna_association,0.0006062699578299219,0.0006062699578299219,7.267792079207922
357,875,https://doi.org/10.1101/2023.11.09.565872,LNP782,1,3,md_RNA_LNP_mindist_nm_mean_last100ns,RNA-LNP minimum distance,rna_association,-0.00024795616314158474,0.00024795616314158474,0.3484136514851487
357,875,https://doi.org/10.1101/2023.11.09.565872,LNP782,1,3,md_RNA_LNP_contacts_0p6nm_mean_last100ns,RNA-LNP contacts,rna_association,-0.00815107689830427,0.00815107689830427,360.0693069306931
357,875,https://doi.org/10.1101/2023.11.09.565872,LNP782,1,3,md_RNA_buried_fraction_contact_based_mean_last100ns,RNA buried fraction,rna_association,-0.004909369067439286,0.004909369067439286,0.2813529881034643
357,875,https://doi.org/10.1101/2023.11.09.565872,LNP782,1,3,md_LNP_only_shape_anisotropy_kappa2_mean_last100ns,Shape anisotropy,size_shape,0.006102909370086462,0.006102909370086462,0.0095335973251702
357,875,https://doi.org/10.1101/2023.11.09.565872,LNP782,1,3,md_LNP_only_compactness_inv_Rg_1_per_nm_mean_last100ns,LNP compactness,size_shape,0.01075272510999032,0.01075272510999032,0.1673944739306458
357,875,https://doi.org/10.1101/2023.11.09.565872,LNP782,1,3,md_water_inside_LNP_core_RgSphere_count_fraction_of_total_water_mean_last100ns,Core water fraction,water_penetration,0.010843856263928378,0.010843856263928378,5.603014406033716e-05
295,783,10.1002/btm2.10580,LNP854,0,4,md_LNP_only_Rg_nm_mean_last100ns,LNP radius of gyration,size_shape,0.03005215448297113,0.03005215448297113,4.93617293069307
295,783,10.1002/btm2.10580,LNP854,0,4,md_LNP_core_Rg_nm_mean_last100ns,Core radius of gyration,size_shape,0.031647415326141,0.031647415326141,4.826088455445545
295,783,10.1002/btm2.10580,LNP854,0,4,md_LNP_only_SASA_nm2_mean_last100ns,LNP solvent-accessible area,size_shape,-0.003794327979279825,0.003794327979279825,3576.9863465346534
295,783,10.1002/btm2.10580,LNP854,0,4,md_RNA_Rg_nm_mean_last100ns,RNA radius of gyration,size_shape,0.0015056561583157465,0.0015056561583157465,2.122658108910891
295,783,10.1002/btm2.10580,LNP854,0,4,md_LNP_RNA_Rg_nm_mean_last100ns,LNP-RNA radius of gyration,size_shape,0.02560748497023222,0.02560748497023222,5.001151435643564
295,783,10.1002/btm2.10580,LNP854,0,4,md_RNA_LNP_COM_distance_nm_mean_last100ns,RNA-LNP center distance,rna_association,0.0016194934164679253,0.0016194934164679253,7.525267326732673
295,783,10.1002/btm2.10580,LNP854,0,4,md_RNA_LNP_mindist_nm_mean_last100ns,RNA-LNP minimum distance,rna_association,-0.00037844670579627174,0.00037844670579627174,0.3358069445544553
295,783,10.1002/btm2.10580,LNP854,0,4,md_RNA_LNP_contacts_0p6nm_mean_last100ns,RNA-LNP contacts,rna_association,-0.0022204650094896083,0.0022204650094896083,68.20792079207921
295,783,10.1002/btm2.10580,LNP854,0,4,md_RNA_buried_fraction_contact_based_mean_last100ns,RNA buried fraction,rna_association,-0.0017701866072533372,0.0017701866072533372,0.0560373470614616
295,783,10.1002/btm2.10580,LNP854,0,4,md_LNP_only_shape_anisotropy_kappa2_mean_last100ns,Shape anisotropy,size_shape,0.010149998523440997,0.010149998523440997,0.0030948529024837
295,783,10.1002/btm2.10580,LNP854,0,4,md_LNP_only_compactness_inv_Rg_1_per_nm_mean_last100ns,LNP compactness,size_shape,0.02704516867600672,0.02704516867600672,0.2013188084534357
295,783,10.1002/btm2.10580,LNP854,0,4,md_water_inside_LNP_core_RgSphere_count_fraction_of_total_water_mean_last100ns,Core water fraction,water_penetration,0.016923840415582144,0.016923840415582144,8.215774848512889e-05
366,911,https://doi.org/10.1101/2024.09.27.614859,LNP854,1,4,md_LNP_only_Rg_nm_mean_last100ns,LNP radius of gyration,size_shape,0.030965864888469332,0.030965864888469332,4.93617293069307
366,911,https://doi.org/10.1101/2024.09.27.614859,LNP854,1,4,md_LNP_core_Rg_nm_mean_last100ns,Core radius of gyration,size_shape,0.03308668006663282,0.03308668006663282,4.826088455445545
366,911,https://doi.org/10.1101/2024.09.27.614859,LNP854,1,4,md_LNP_only_SASA_nm2_mean_last100ns,LNP solvent-accessible area,size_shape,-0.003450278452535207,0.003450278452535207,3576.9863465346534
366,911,https://doi.org/10.1101/2024.09.27.614859,LNP854,1,4,md_RNA_Rg_nm_mean_last100ns,RNA radius of gyration,size_shape,0.000481808211390877,0.000481808211390877,2.122658108910891
366,911,https://doi.org/10.1101/2024.09.27.614859,LNP854,1,4,md_LNP_RNA_Rg_nm_mean_last100ns,LNP-RNA radius of gyration,size_shape,0.027724683614127305,0.027724683614127305,5.001151435643564
366,911,https://doi.org/10.1101/2024.09.27.614859,LNP854,1,4,md_RNA_LNP_COM_distance_nm_mean_last100ns,RNA-LNP center distance,rna_association,0.0010266932380957954,0.0010266932380957954,7.525267326732673
366,911,https://doi.org/10.1101/2024.09.27.614859,LNP854,1,4,md_RNA_LNP_mindist_nm_mean_last100ns,RNA-LNP minimum distance,rna_association,-0.0005086550391296049,0.0005086550391296049,0.3358069445544553
366,911,https://doi.org/10.1101/2024.09.27.614859,LNP854,1,4,md_RNA_LNP_contacts_0p6nm_mean_last100ns,RNA-LNP contacts,rna_association,-0.0014212664196884789,0.0014212664196884789,68.20792079207921
366,911,https://doi.org/10.1101/2024.09.27.614859,LNP854,1,4,md_RNA_buried_fraction_contact_based_mean_last100ns,RNA buried fraction,rna_association,-0.0017221130031042592,0.0017221130031042592,0.0560373470614616
366,911,https://doi.org/10.1101/2024.09.27.614859,LNP854,1,4,md_LNP_only_shape_anisotropy_kappa2_mean_last100ns,Shape anisotropy,size_shape,0.011512691380045745,0.011512691380045745,0.0030948529024837
366,911,https://doi.org/10.1101/2024.09.27.614859,LNP854,1,4,md_LNP_only_compactness_inv_Rg_1_per_nm_mean_last100ns,LNP compactness,size_shape,0.027643932015391295,0.027643932015391295,0.2013188084534357
366,911,https://doi.org/10.1101/2024.09.27.614859,LNP854,1,4,md_water_inside_LNP_core_RgSphere_count_fraction_of_total_water_mean_last100ns,Core water fraction,water_penetration,0.01753233955724758,0.01753233955724758,8.215774848512889e-05
272,636,10.1021/jacs.2c12893,LNP858,0,5,md_LNP_only_Rg_nm_mean_last100ns,LNP radius of gyration,size_shape,-0.0006843434343434338,0.0006843434343434338,11.327454425742577
272,636,10.1021/jacs.2c12893,LNP858,0,5,md_LNP_core_Rg_nm_mean_last100ns,Core radius of gyration,size_shape,-0.004441997615910657,0.004441997615910657,10.996099425742576
272,636,10.1021/jacs.2c12893,LNP858,0,5,md_LNP_only_SASA_nm2_mean_last100ns,LNP solvent-accessible area,size_shape,-0.015229743117113309,0.015229743117113309,1016.6465940594056
272,636,10.1021/jacs.2c12893,LNP858,0,5,md_RNA_Rg_nm_mean_last100ns,RNA radius of gyration,size_shape,0.0023695617893243334,0.0023695617893243334,2.123560346534653
272,636,10.1021/jacs.2c12893,LNP858,0,5,md_LNP_RNA_Rg_nm_mean_last100ns,LNP-RNA radius of gyration,size_shape,-0.002537972085385878,0.002537972085385878,10.968207019801978
272,636,10.1021/jacs.2c12893,LNP858,0,5,md_RNA_LNP_COM_distance_nm_mean_last100ns,RNA-LNP center distance,rna_association,0.006744514106583074,0.006744514106583074,5.766475247524753
272,636,10.1021/jacs.2c12893,LNP858,0,5,md_RNA_LNP_mindist_nm_mean_last100ns,RNA-LNP minimum distance,rna_association,0.0007413730905110207,0.0007413730905110207,0.3430204831683168
272,636,10.1021/jacs.2c12893,LNP858,0,5,md_RNA_LNP_contacts_0p6nm_mean_last100ns,RNA-LNP contacts,rna_association,0.018847507968704717,0.018847507968704717,208.43564356435644
272,636,10.1021/jacs.2c12893,LNP858,0,5,md_RNA_buried_fraction_contact_based_mean_last100ns,RNA buried fraction,rna_association,0.009207830258540193,0.009207830258540193,0.149654436759183
272,636,10.1021/jacs.2c12893,LNP858,0,5,md_LNP_only_shape_anisotropy_kappa2_mean_last100ns,Shape anisotropy,size_shape,-0.008329136838507153,0.008329136838507153,0.2087814469100862
272,636,10.1021/jacs.2c12893,LNP858,0,5,md_LNP_only_compactness_inv_Rg_1_per_nm_mean_last100ns,LNP compactness,size_shape,-0.0010013061650992682,0.0010013061650992682,0.087026729854831
272,636,10.1021/jacs.2c12893,LNP858,0,5,md_water_inside_LNP_core_RgSphere_count_fraction_of_total_water_mean_last100ns,Core water fraction,water_penetration,-0.0033928384833557235,0.0033928384833557235,0.1954791303720854
288,687,https://doi.org/10.1038/s41563-020-00886-0,LNP858,0,5,md_LNP_only_Rg_nm_mean_last100ns,LNP radius of gyration,size_shape,-0.0006843434343434338,0.0006843434343434338,11.327454425742577
288,687,https://doi.org/10.1038/s41563-020-00886-0,LNP858,0,5,md_LNP_core_Rg_nm_mean_last100ns,Core radius of gyration,size_shape,-0.0046043352782483195,0.0046043352782483195,10.996099425742576
288,687,https://doi.org/10.1038/s41563-020-00886-0,LNP858,0,5,md_LNP_only_SASA_nm2_mean_last100ns,LNP solvent-accessible area,size_shape,-0.015573019632264824,0.015573019632264824,1016.6465940594056
288,687,https://doi.org/10.1038/s41563-020-00886-0,LNP858,0,5,md_RNA_Rg_nm_mean_last100ns,RNA radius of gyration,size_shape,0.0023216690690178203,0.0023216690690178203,2.123560346534653
288,687,https://doi.org/10.1038/s41563-020-00886-0,LNP858,0,5,md_LNP_RNA_Rg_nm_mean_last100ns,LNP-RNA radius of gyration,size_shape,-0.002768883415435139,0.002768883415435139,10.968207019801978
288,687,https://doi.org/10.1038/s41563-020-00886-0,LNP858,0,5,md_RNA_LNP_COM_distance_nm_mean_last100ns,RNA-LNP center distance,rna_association,0.007028605015673983,0.007028605015673983,5.766475247524753
288,687,https://doi.org/10.1038/s41563-020-00886-0,LNP858,0,5,md_RNA_LNP_mindist_nm_mean_last100ns,RNA-LNP minimum distance,rna_association,0.0010254639996019302,0.0010254639996019302,0.3430204831683168
288,687,https://doi.org/10.1038/s41563-020-00886-0,LNP858,0,5,md_RNA_LNP_contacts_0p6nm_mean_last100ns,RNA-LNP contacts,rna_association,0.018847507968704717,0.018847507968704717,208.43564356435644
288,687,https://doi.org/10.1038/s41563-020-00886-0,LNP858,0,5,md_RNA_buried_fraction_contact_based_mean_last100ns,RNA buried fraction,rna_association,0.009207830258540193,0.009207830258540193,0.149654436759183
288,687,https://doi.org/10.1038/s41563-020-00886-0,LNP858,0,5,md_LNP_only_shape_anisotropy_kappa2_mean_last100ns,Shape anisotropy,size_shape,-0.009363806192142025,0.009363806192142025,0.2087814469100862
288,687,https://doi.org/10.1038/s41563-020-00886-0,LNP858,0,5,md_LNP_only_compactness_inv_Rg_1_per_nm_mean_last100ns,LNP compactness,size_shape,-0.0010013061650992682,0.0010013061650992682,0.087026729854831
288,687,https://doi.org/10.1038/s41563-020-00886-0,LNP858,0,5,md_water_inside_LNP_core_RgSphere_count_fraction_of_total_water_mean_last100ns,Core water fraction,water_penetration,-0.0033928384833557235,0.0033928384833557235,0.1954791303720854
293,781,10.1002/btm2.10580,LNP858,1,5,md_LNP_only_Rg_nm_mean_last100ns,LNP radius of gyration,size_shape,-0.0006843434343434338,0.0006843434343434338,11.327454425742577
293,781,10.1002/btm2.10580,LNP858,1,5,md_LNP_core_Rg_nm_mean_last100ns,Core radius of gyration,size_shape,-0.0034759019299873857,0.0034759019299873857,10.996099425742576
293,781,10.1002/btm2.10580,LNP858,1,5,md_LNP_only_SASA_nm2_mean_last100ns,LNP solvent-accessible area,size_shape,-0.015123209026204218,0.015123209026204218,1016.6465940594056
293,781,10.1002/btm2.10580,LNP858,1,5,md_RNA_Rg_nm_mean_last100ns,RNA radius of gyration,size_shape,0.0019597524894288264,0.0019597524894288264,2.123560346534653
293,781,10.1002/btm2.10580,LNP858,1,5,md_LNP_RNA_Rg_nm_mean_last100ns,LNP-RNA radius of gyration,size_shape,-0.0018541013584117028,0.0018541013584117028,10.968207019801978
293,781,10.1002/btm2.10580,LNP858,1,5,md_RNA_LNP_COM_distance_nm_mean_last100ns,RNA-LNP center distance,rna_association,0.00619374782305817,0.00619374782305817,5.766475247524753
293,781,10.1002/btm2.10580,LNP858,1,5,md_RNA_LNP_mindist_nm_mean_last100ns,RNA-LNP minimum distance,rna_association,0.0007413730905110207,0.0007413730905110207,0.3430204831683168
293,781,10.1002/btm2.10580,LNP858,1,5,md_RNA_LNP_contacts_0p6nm_mean_last100ns,RNA-LNP contacts,rna_association,0.018847507968704717,0.018847507968704717,208.43564356435644
293,781,10.1002/btm2.10580,LNP858,1,5,md_RNA_buried_fraction_contact_based_mean_last100ns,RNA buried fraction,rna_association,0.009207830258540193,0.009207830258540193,0.149654436759183
293,781,10.1002/btm2.10580,LNP858,1,5,md_LNP_only_shape_anisotropy_kappa2_mean_last100ns,Shape anisotropy,size_shape,-0.006430999056748679,0.006430999056748679,0.2087814469100862
293,781,10.1002/btm2.10580,LNP858,1,5,md_LNP_only_compactness_inv_Rg_1_per_nm_mean_last100ns,LNP compactness,size_shape,-0.0005907971339005818,0.0005907971339005818,0.087026729854831
293,781,10.1002/btm2.10580,LNP858,1,5,md_water_inside_LNP_core_RgSphere_count_fraction_of_total_water_mean_last100ns,Core water fraction,water_penetration,-0.0033928384833557235,0.0033928384833557235,0.1954791303720854
367,922,https://doi.org/10.1073/pnas.2303567120,LNP858,0,5,md_LNP_only_Rg_nm_mean_last100ns,LNP radius of gyration,size_shape,-0.0011010101010101004,0.0011010101010101004,11.327454425742577
367,922,https://doi.org/10.1073/pnas.2303567120,LNP858,0,5,md_LNP_core_Rg_nm_mean_last100ns,Core radius of gyration,size_shape,-0.004441997615910657,0.004441997615910657,10.996099425742576
367,922,https://doi.org/10.1073/pnas.2303567120,LNP858,0,5,md_LNP_only_SASA_nm2_mean_last100ns,LNP solvent-accessible area,size_shape,-0.015229743117113309,0.015229743117113309,1016.6465940594056
367,922,https://doi.org/10.1073/pnas.2303567120,LNP858,0,5,md_RNA_Rg_nm_mean_last100ns,RNA radius of gyration,size_shape,0.0023216690690178203,0.0023216690690178203,2.123560346534653
367,922,https://doi.org/10.1073/pnas.2303567120,LNP858,0,5,md_LNP_RNA_Rg_nm_mean_last100ns,LNP-RNA radius of gyration,size_shape,-0.002537972085385878,0.002537972085385878,10.968207019801978
367,922,https://doi.org/10.1073/pnas.2303567120,LNP858,0,5,md_RNA_LNP_COM_distance_nm_mean_last100ns,RNA-LNP center distance,rna_association,0.006536180773249741,0.006536180773249741,5.766475247524753
367,922,https://doi.org/10.1073/pnas.2303567120,LNP858,0,5,md_RNA_LNP_mindist_nm_mean_last100ns,RNA-LNP minimum distance,rna_association,0.0007711349952729256,0.0007711349952729256,0.3430204831683168
367,922,https://doi.org/10.1073/pnas.2303567120,LNP858,0,5,md_RNA_LNP_contacts_0p6nm_mean_last100ns,RNA-LNP contacts,rna_association,0.018616783233669634,0.018616783233669634,208.43564356435644
367,922,https://doi.org/10.1073/pnas.2303567120,LNP858,0,5,md_RNA_buried_fraction_contact_based_mean_last100ns,RNA buried fraction,rna_association,0.009207830258540193,0.009207830258540193,0.149654436759183
367,922,https://doi.org/10.1073/pnas.2303567120,LNP858,0,5,md_LNP_only_shape_anisotropy_kappa2_mean_last100ns,Shape anisotropy,size_shape,-0.008508734539656579,0.008508734539656579,0.2087814469100862
367,922,https://doi.org/10.1073/pnas.2303567120,LNP858,0,5,md_LNP_only_compactness_inv_Rg_1_per_nm_mean_last100ns,LNP compactness,size_shape,-0.0012096394984326016,0.0012096394984326016,0.087026729854831
367,922,https://doi.org/10.1073/pnas.2303567120,LNP858,0,5,md_water_inside_LNP_core_RgSphere_count_fraction_of_total_water_mean_last100ns,Core water fraction,water_penetration,-0.0029166480071652475,0.0029166480071652475,0.1954791303720854
368,923,https://doi.org/10.1073/pnas.2303567120,LNP858,0,5,md_LNP_only_Rg_nm_mean_last100ns,LNP radius of gyration,size_shape,-0.0011010101010101004,0.0011010101010101004,11.327454425742577
368,923,https://doi.org/10.1073/pnas.2303567120,LNP858,0,5,md_LNP_core_Rg_nm_mean_last100ns,Core radius of gyration,size_shape,-0.004441997615910657,0.004441997615910657,10.996099425742576
368,923,https://doi.org/10.1073/pnas.2303567120,LNP858,0,5,md_LNP_only_SASA_nm2_mean_last100ns,LNP solvent-accessible area,size_shape,-0.015229743117113309,0.015229743117113309,1016.6465940594056
368,923,https://doi.org/10.1073/pnas.2303567120,LNP858,0,5,md_RNA_Rg_nm_mean_last100ns,RNA radius of gyration,size_shape,0.0023216690690178203,0.0023216690690178203,2.123560346534653
368,923,https://doi.org/10.1073/pnas.2303567120,LNP858,0,5,md_LNP_RNA_Rg_nm_mean_last100ns,LNP-RNA radius of gyration,size_shape,-0.002537972085385878,0.002537972085385878,10.968207019801978
368,923,https://doi.org/10.1073/pnas.2303567120,LNP858,0,5,md_RNA_LNP_COM_distance_nm_mean_last100ns,RNA-LNP center distance,rna_association,0.006536180773249741,0.006536180773249741,5.766475247524753
368,923,https://doi.org/10.1073/pnas.2303567120,LNP858,0,5,md_RNA_LNP_mindist_nm_mean_last100ns,RNA-LNP minimum distance,rna_association,0.0007711349952729256,0.0007711349952729256,0.3430204831683168
368,923,https://doi.org/10.1073/pnas.2303567120,LNP858,0,5,md_RNA_LNP_contacts_0p6nm_mean_last100ns,RNA-LNP contacts,rna_association,0.018616783233669634,0.018616783233669634,208.43564356435644
368,923,https://doi.org/10.1073/pnas.2303567120,LNP858,0,5,md_RNA_buried_fraction_contact_based_mean_last100ns,RNA buried fraction,rna_association,0.009207830258540193,0.009207830258540193,0.149654436759183
368,923,https://doi.org/10.1073/pnas.2303567120,LNP858,0,5,md_LNP_only_shape_anisotropy_kappa2_mean_last100ns,Shape anisotropy,size_shape,-0.008508734539656579,0.008508734539656579,0.2087814469100862
368,923,https://doi.org/10.1073/pnas.2303567120,LNP858,0,5,md_LNP_only_compactness_inv_Rg_1_per_nm_mean_last100ns,LNP compactness,size_shape,-0.0012096394984326016,0.0012096394984326016,0.087026729854831
368,923,https://doi.org/10.1073/pnas.2303567120,LNP858,0,5,md_water_inside_LNP_core_RgSphere_count_fraction_of_total_water_mean_last100ns,Core water fraction,water_penetration,-0.0029166480071652475,0.0029166480071652475,0.1954791303720854
369,931,https://doi.org/10.1073/pnas.2303567120,LNP858,0,5,md_LNP_only_Rg_nm_mean_last100ns,LNP radius of gyration,size_shape,-0.0011010101010101004,0.0011010101010101004,11.327454425742577
369,931,https://doi.org/10.1073/pnas.2303567120,LNP858,0,5,md_LNP_core_Rg_nm_mean_last100ns,Core radius of gyration,size_shape,-0.0046043352782483195,0.0046043352782483195,10.996099425742576
369,931,https://doi.org/10.1073/pnas.2303567120,LNP858,0,5,md_LNP_only_SASA_nm2_mean_last100ns,LNP solvent-accessible area,size_shape,-0.015573019632264824,0.015573019632264824,1016.6465940594056
369,931,https://doi.org/10.1073/pnas.2303567120,LNP858,0,5,md_RNA_Rg_nm_mean_last100ns,RNA radius of gyration,size_shape,0.0023216690690178203,0.0023216690690178203,2.123560346534653
369,931,https://doi.org/10.1073/pnas.2303567120,LNP858,0,5,md_LNP_RNA_Rg_nm_mean_last100ns,LNP-RNA radius of gyration,size_shape,-0.002768883415435139,0.002768883415435139,10.968207019801978
369,931,https://doi.org/10.1073/pnas.2303567120,LNP858,0,5,md_RNA_LNP_COM_distance_nm_mean_last100ns,RNA-LNP center distance,rna_association,0.00682027168234065,0.00682027168234065,5.766475247524753
369,931,https://doi.org/10.1073/pnas.2303567120,LNP858,0,5,md_RNA_LNP_mindist_nm_mean_last100ns,RNA-LNP minimum distance,rna_association,0.001055225904363835,0.001055225904363835,0.3430204831683168
369,931,https://doi.org/10.1073/pnas.2303567120,LNP858,0,5,md_RNA_LNP_contacts_0p6nm_mean_last100ns,RNA-LNP contacts,rna_association,0.01853126051883657,0.01853126051883657,208.43564356435644
369,931,https://doi.org/10.1073/pnas.2303567120,LNP858,0,5,md_RNA_buried_fraction_contact_based_mean_last100ns,RNA buried fraction,rna_association,0.009207830258540193,0.009207830258540193,0.149654436759183
369,931,https://doi.org/10.1073/pnas.2303567120,LNP858,0,5,md_LNP_only_shape_anisotropy_kappa2_mean_last100ns,Shape anisotropy,size_shape,-0.009363806192142025,0.009363806192142025,0.2087814469100862
369,931,https://doi.org/10.1073/pnas.2303567120,LNP858,0,5,md_LNP_only_compactness_inv_Rg_1_per_nm_mean_last100ns,LNP compactness,size_shape,-0.0012096394984326016,0.0012096394984326016,0.087026729854831
369,931,https://doi.org/10.1073/pnas.2303567120,LNP858,0,5,md_water_inside_LNP_core_RgSphere_count_fraction_of_total_water_mean_last100ns,Core water fraction,water_penetration,-0.0029166480071652475,0.0029166480071652475,0.1954791303720854
