id_lnp_id,group_paper_doi,group_lipid_key,target_transfection_active,fold
1,10.1038/s41467-024-50619-z,structure_missing_lnp_1,1,0
2,10.1038/s41467-024-50619-z,CCCCCCCCC/C=C/CCCCCCCCC(=O)N(N)CCCCCCCCCC,1,1
3,10.1038/s41467-024-50619-z,CCCCCCCCCC/C=C/CCCCCCCCCCNC(=O)C(CCOC(=O)CCCC(C)CCCCC)N(C)N,1,1
4,10.1038/s41467-024-50619-z,CCCCCCC/C=C/CCCCCCCCC(C(=O)NCCCCCCCCCC/C=C/CCCCCCCCCC)N(C)N,1,2
5,10.1038/s41467-024-50619-z,CCCCCCCCCC/C=C/CCCCCCCCCCNC(=O)C(CCOC(=O)CCCC(C)CCCCC)NCCCCN(CCCC)CCCCC,1,0
6,10.1038/s41467-024-50619-z,CCCCCCCCC/C=C/CCCCCCCCC(NCCCCN(CCCC)CCCCCC)C(=O)NCCCCCCCCCCCCCC,1,3
7,10.1038/s41467-024-50619-z,CCCCCCCC/C=C/C(=O)OCCC(NCCCCN(CCCC)CCCCCC)C(=O)NCCCCCCCCCC/C=C/CCCCCCCCCC,1,2
8,10.1038/s41467-024-50619-z,CCCCCCCCCC/C=C/CCCCCCCCCCNC(=O)C(CCOC(=O)CCCC(C)CCCCC)NN1CCCCCC1,1,2
9,10.1038/s41467-024-50619-z,CCCCCCCC/C=C/C(=O)OCCC(NN1CCCCCC1)C(=O)NCCCCCCCCCC/C=C/CCCCCCCCCC,1,4
10,10.1038/s41467-024-50619-z,CCCCCCCCCC/C=C/CCCCCCCCCCNC(=O)C(CCOC(=O)CCC(C)CCCCC)NCCN(C(C)C)C(C)C,1,2
11,10.1038/s41467-024-50619-z,CCCCCCC/C=C/C(=O)OCCC(NCCN(C(C)C)C(C)C)C(=O)NCCCCCCCCCC/C=C/CCCCCCCCCC,1,1
12,10.1038/s41467-024-50619-z,CCCCCCCCCCCCCCNC(=O)C(CCOC(=O)CCCC(C)CCCCC)NCCN(C(C)C)C(C)C,1,0
13,10.1038/s41467-024-50619-z,CCCCCCCCCC/C=C/CCCCCCCCCCNC(=O)C(CCCOC(=O)CCC(C)CCCCC)NCCCCN(CC)CC,1,4
14,10.1038/s41467-024-50619-z,CCCCCCC/C=C/C(=O)OCCCC(NCCCCN(CC)CC)C(=O)NCCCCCCCCCC/C=C/CCCCCCCCCC,1,4
15,10.1038/s41467-024-50619-z,CCCCCCCC/C=C/CCCCCCC(=O)OCCC(NCCCCN(CC)CC)C(=O)NCCCCCCCCCC/C=C/CCCCCCCCCC,1,2
16,10.1038/s41467-024-50619-z,CCCCCCCCCC/C=C/CCCCCCCCCCNC(=O)C(CCOC(=O)CCCC(C)CCCCC)NCCN1CCCCCC1,1,3
17,10.1038/s41467-024-50619-z,CCCCCCC/C=C/C(=O)OCCC(NCCN1CCCCCC1)C(=O)NCCCCCCCCCC/C=C/CCCCCCCCCC,1,1
18,10.1038/s41467-024-50619-z,CCCCCCCCCCCCCCCCCCNC(=O)C(CCOC(=O)CCC(C)CCCCC)NCCN1CCCCCC1,1,4
19,10.1038/s41467-024-50619-z,CCCCCCCC/C=C/CCCCCCC(=O)OCCC(NCCN(C)C)C(=O)NCCCCCCCCCC/C=C/CCCCCCCCCC,0,3
20,10.1038/s41467-024-50619-z,CCCCCCCCCC/C=C/CCCCCCCCCCNC(=O)C(CCCOC(=O)CCC(C)CCCCC)NCCCN(C)C,1,1
21,10.1038/s41467-024-50619-z,CCCCCCC/C=C/C(=O)OCCCC(NCCCN(C)C)C(=O)NCCCCCCCCCC/C=C/CCCCCCCCCC,1,4
22,10.1038/s41467-024-50619-z,CCCCCCCCCC/C=C/CCCCCCCCCCNC(=O)C(CCCOC(=O)CCC(C)CCCCC)NCCCN(C)C,1,1
23,10.1038/s41467-024-50619-z,CCCCCCCCCCCCCCCCCCNC(=O)C(CCCOC(=O)CCC(C)CCCCC)NCCN(C)C,1,3
24,10.1038/s41467-024-50619-z,CCCCCCC/C=C/C(=O)OCCC(NCCN(C)C)C(=O)NCCCCCCCCCC/C=C/CCCCCCCCCC,1,2
25,10.1038/s41467-024-50619-z,CCCCCCCCCC/C=C/CCCCCCCCCCNC(=O)C(CCCOC(=O)CCC(C)CCCCC)NC1CCN(C(C)C)CC1,0,2
26,10.1038/s41467-024-50619-z,CCCCCCC/C=C/C(=O)OCCCC(NC1CCN(C(C)C)CC1)C(=O)NCCCCCCCCCC/C=C/CCCCCCCCCC,0,4
27,10.1038/s41467-024-50619-z,CCCCCCCCCCCCCCCCCCNC(=O)C(CCCOC(=O)CCC(C)CCCCC)NC1CCN(C(C)C)CC1,0,4
28,10.1038/s41467-024-50619-z,CCCCCCCCCC/C=C/CCCCCCCCCCNC(=O)C(CCOC(=O)CCC(C)CCCCC)NCCCN1CCOCC1,1,4
29,10.1038/s41467-024-50619-z,CCCCCCCCC/C=C/C(=O)OCCCC(NCCCN1CCOCC1)C(=O)NCCCCCCCCCC/C=C/CCCCCCCCCC,0,2
30,10.1038/s41467-024-50619-z,CCCCCCCCCCCCCCCCCCNC(=O)C(CCCOC(=O)CCC(C)CCCCC)NCCCN1CCOCC1,1,0
31,10.1038/s41467-024-50619-z,structure_missing_lnp_31,0,4
32,10.1038/s41467-024-50619-z,structure_missing_lnp_32,0,1
33,10.1038/s41467-024-50619-z,structure_missing_lnp_33,0,1
51,10.1126/sciadv.abf4398,structure_missing_lnp_51,1,2
52,10.1126/sciadv.abf4398,CCCCCCCCCCC(O)CC1CN(CC(O)CCCCCCCCCC)CCN1CCCN(CC(O)CCCCCCCCC)CC(O)CCCCCCCCCC,1,0
53,10.1126/sciadv.abf4398,CCCCCCCCCCC(O)CN(CCCN1CCN(CCCN(CC(O)CCCCCCCCCC)CC(O)CCCCCCCCCC)CC1)CC(O)CCCCCCCCCC,1,1
59,10.1126/sciadv.abf4398,CCCCCCCCCCC(O)CN(CCCN1CCN(CCCN(CC(O)CCCCCCCCCC)CC(O)CCCCCCCCCC)CC1)CC(O)CCCCCCCCCC,1,2
63,10.1016/j.omtn.2019.01.013,CCCCC/C=C\C/C=C\CCCCCCCCC(CCCCCCCC/C=C\C/C=C\CCCCC)OC(=O)CCCN(C)C,1,1
65,10.1016/j.omtn.2019.01.013,structure_missing_lnp_65,1,1
66,10.1016/j.omtn.2019.01.013,structure_missing_lnp_66,1,4
68,10.1016/j.omtn.2019.01.013,structure_missing_lnp_68,0,4
69,10.1016/j.omtn.2019.01.013,structure_missing_lnp_69,1,0
70,10.1021/acs.nanolett.5b02497,CCCCCCCCCCCCC(O)CN(CCN1CCN(CCN)C(CN(CC(O)CCCCCCCCCCCC)CN(CC(O)CCCCCCCCCCCC)CC(O)CCCCCCCCCCCC)C1)CC(O)CCCCCCCCCCCC,1,3
71,10.1021/acs.nanolett.5b02497,CCCCCCCCCCCCC(O)CN(CCN1CCN(CCN)C(CN(CC(O)CCCCCCCCCCCC)CN(CC(O)CCCCCCCCCCCC)CC(O)CCCCCCCCCCCC)C1)CC(O)CCCCCCCCCCCC,1,3
72,10.1021/acs.nanolett.5b02497,CCCCCCCCCCCCC(O)CN(CCN1CCN(CCN)C(CN(CC(O)CCCCCCCCCCCC)CN(CC(O)CCCCCCCCCCCC)CC(O)CCCCCCCCCCCC)C1)CC(O)CCCCCCCCCCCC,1,4
73,10.1021/acs.nanolett.5b02497,CCCCCCCCCCCCC(O)CN(CCN1CCN(CCN)C(CN(CC(O)CCCCCCCCCCCC)CN(CC(O)CCCCCCCCCCCC)CC(O)CCCCCCCCCCCC)C1)CC(O)CCCCCCCCCCCC,1,2
74,10.1021/acs.nanolett.5b02497,CCCCCCCCCCCCC(O)CN(CCN1CCN(CCN)C(CN(CC(O)CCCCCCCCCCCC)CN(CC(O)CCCCCCCCCCCC)CC(O)CCCCCCCCCCCC)C1)CC(O)CCCCCCCCCCCC,1,4
75,10.1021/acs.nanolett.5b02497,CCCCCCCCCCCCC(O)CN(CCN1CCN(CCN)C(CN(CC(O)CCCCCCCCCCCC)CN(CC(O)CCCCCCCCCCCC)CC(O)CCCCCCCCCCCC)C1)CC(O)CCCCCCCCCCCC,1,2
76,10.1021/acs.nanolett.5b02497,CCCCCCCCCCCCC(O)CN(CCN1CCN(CCN)C(CN(CC(O)CCCCCCCCCCCC)CN(CC(O)CCCCCCCCCCCC)CC(O)CCCCCCCCCCCC)C1)CC(O)CCCCCCCCCCCC,1,3
78,10.1021/acs.nanolett.5b02497,CCCCCCCCCCCCC(O)CN(CCN1CCN(CCN)C(CN(CC(O)CCCCCCCCCCCC)CN(CC(O)CCCCCCCCCCCC)CC(O)CCCCCCCCCCCC)C1)CC(O)CCCCCCCCCCCC,1,0
79,10.1021/acs.nanolett.5b02497,CCCCCCCCCCCCC(O)CN(CCN1CCN(CCN)C(CN(CC(O)CCCCCCCCCCCC)CN(CC(O)CCCCCCCCCCCC)CC(O)CCCCCCCCCCCC)C1)CC(O)CCCCCCCCCCCC,1,0
80,10.1021/acs.nanolett.5b02497,CCCCCCCCCCCCC(O)CN(CCN1CCN(CCN)C(CN(CC(O)CCCCCCCCCCCC)CN(CC(O)CCCCCCCCCCCC)CC(O)CCCCCCCCCCCC)C1)CC(O)CCCCCCCCCCCC,1,2
81,10.1021/acs.nanolett.5b02497,CCCCCCCCCCCCC(O)CN(CCN1CCN(CCN)C(CN(CC(O)CCCCCCCCCCCC)CN(CC(O)CCCCCCCCCCCC)CC(O)CCCCCCCCCCCC)C1)CC(O)CCCCCCCCCCCC,1,1
83,10.1021/acs.nanolett.5b02497,CCCCCCCCCCCCC(O)CN(CCN1CCN(CCN)C(CN(CC(O)CCCCCCCCCCCC)CN(CC(O)CCCCCCCCCCCC)CC(O)CCCCCCCCCCCC)C1)CC(O)CCCCCCCCCCCC,1,4
85,10.1021/acs.nanolett.5b02497,CCCCCCCCCCCCC(O)CN(CCN1CCN(CCN)C(CN(CC(O)CCCCCCCCCCCC)CN(CC(O)CCCCCCCCCCCC)CC(O)CCCCCCCCCCCC)C1)CC(O)CCCCCCCCCCCC,1,0
86,10.1021/acs.nanolett.5b02497,CCCCCCCCCCCCC(O)CN(CCN1CCN(CCN)C(CN(CC(O)CCCCCCCCCCCC)CN(CC(O)CCCCCCCCCCCC)CC(O)CCCCCCCCCCCC)C1)CC(O)CCCCCCCCCCCC,1,1
87,10.1021/acs.nanolett.5b02497,CCCCCCCCCCCCC(O)CN(CCN1CCN(CCN)C(CN(CC(O)CCCCCCCCCCCC)CN(CC(O)CCCCCCCCCCCC)CC(O)CCCCCCCCCCCC)C1)CC(O)CCCCCCCCCCCC,1,2
88,10.1021/acs.nanolett.5b02497,CCCCCCCCCCCCC(O)CN(CCN1CCN(CCN)C(CN(CC(O)CCCCCCCCCCCC)CN(CC(O)CCCCCCCCCCCC)CC(O)CCCCCCCCCCCC)C1)CC(O)CCCCCCCCCCCC,1,0
89,10.1021/acs.nanolett.5b02497,CCCCCCCCCCCCC(O)CN(CCN1CCN(CCN)C(CN(CC(O)CCCCCCCCCCCC)CN(CC(O)CCCCCCCCCCCC)CC(O)CCCCCCCCCCCC)C1)CC(O)CCCCCCCCCCCC,1,2
90,10.1021/acs.nanolett.5b02497,CCCCCCCCCCCCC(O)CN(CCN1CCN(CCN)C(CN(CC(O)CCCCCCCCCCCC)CN(CC(O)CCCCCCCCCCCC)CC(O)CCCCCCCCCCCC)C1)CC(O)CCCCCCCCCCCC,1,4
91,10.1021/acs.nanolett.5b02497,CCCCCCCCCCCCC(O)CN(CCN1CCN(CCN)C(CN(CC(O)CCCCCCCCCCCC)CN(CC(O)CCCCCCCCCCCC)CC(O)CCCCCCCCCCCC)C1)CC(O)CCCCCCCCCCCC,1,2
92,10.1021/acs.nanolett.5b02497,CCCCCCCCCCCCC(O)CN(CCN1CCN(CCN)C(CN(CC(O)CCCCCCCCCCCC)CN(CC(O)CCCCCCCCCCCC)CC(O)CCCCCCCCCCCC)C1)CC(O)CCCCCCCCCCCC,1,1
93,10.1021/acs.nanolett.5b02497,CCCCCCCCCCCCC(O)CN(CCN1CCN(CCN)C(CN(CC(O)CCCCCCCCCCCC)CN(CC(O)CCCCCCCCCCCC)CC(O)CCCCCCCCCCCC)C1)CC(O)CCCCCCCCCCCC,1,2
94,10.1021/acs.nanolett.5b02497,CCCCCCCCCCCCC(O)CN(CCN1CCN(CCN)C(CN(CC(O)CCCCCCCCCCCC)CN(CC(O)CCCCCCCCCCCC)CC(O)CCCCCCCCCCCC)C1)CC(O)CCCCCCCCCCCC,1,3
95,10.1021/acs.nanolett.5b02497,CCCCCCCCCCCCC(O)CN(CCN1CCN(CCN)C(CN(CC(O)CCCCCCCCCCCC)CN(CC(O)CCCCCCCCCCCC)CC(O)CCCCCCCCCCCC)C1)CC(O)CCCCCCCCCCCC,1,0
96,10.1021/acs.nanolett.5b02497,CCCCCCCCCCCCC(O)CN(CCN1CCN(CCN)C(CN(CC(O)CCCCCCCCCCCC)CN(CC(O)CCCCCCCCCCCC)CC(O)CCCCCCCCCCCC)C1)CC(O)CCCCCCCCCCCC,1,1
97,10.1021/acs.nanolett.5b02497,CCCCCCCCCCCCC(O)CN(CCN1CCN(CCN)C(CN(CC(O)CCCCCCCCCCCC)CN(CC(O)CCCCCCCCCCCC)CC(O)CCCCCCCCCCCC)C1)CC(O)CCCCCCCCCCCC,1,1
98,10.1021/acs.nanolett.5b02497,CCCCCCCCCCCCC(O)CN(CCN1CCN(CCN)C(CN(CC(O)CCCCCCCCCCCC)CN(CC(O)CCCCCCCCCCCC)CC(O)CCCCCCCCCCCC)C1)CC(O)CCCCCCCCCCCC,1,0
99,10.1021/acs.nanolett.5b02497,CCCCCCCCCCCCC(O)CN(CCN1CCN(CCN)C(CN(CC(O)CCCCCCCCCCCC)CN(CC(O)CCCCCCCCCCCC)CC(O)CCCCCCCCCCCC)C1)CC(O)CCCCCCCCCCCC,1,0
100,10.1021/acs.nanolett.5b02497,CCCCCCCCCCCCC(O)CN(CCN1CCN(CCN)C(CN(CC(O)CCCCCCCCCCCC)CN(CC(O)CCCCCCCCCCCC)CC(O)CCCCCCCCCCCC)C1)CC(O)CCCCCCCCCCCC,1,1
101,10.1021/acs.nanolett.5b02497,CCCCCCCCCCCCC(O)CN(CCN1CCN(CCN)C(CN(CC(O)CCCCCCCCCCCC)CN(CC(O)CCCCCCCCCCCC)CC(O)CCCCCCCCCCCC)C1)CC(O)CCCCCCCCCCCC,1,1
102,10.1021/acs.nanolett.5b02497,CCCCCCCCCCCCC(O)CN(CCN1CCN(CCN)C(CN(CC(O)CCCCCCCCCCCC)CN(CC(O)CCCCCCCCCCCC)CC(O)CCCCCCCCCCCC)C1)CC(O)CCCCCCCCCCCC,1,4
103,10.1021/acs.nanolett.5b02497,CCCCCCCCCCCCC(O)CN(CCN1CCN(CCN)C(CN(CC(O)CCCCCCCCCCCC)CN(CC(O)CCCCCCCCCCCC)CC(O)CCCCCCCCCCCC)C1)CC(O)CCCCCCCCCCCC,1,4
104,10.1021/acs.nanolett.5b02497,CCCCCCCCCCCCC(O)CN(CCN1CCN(CCN)C(CN(CC(O)CCCCCCCCCCCC)CN(CC(O)CCCCCCCCCCCC)CC(O)CCCCCCCCCCCC)C1)CC(O)CCCCCCCCCCCC,1,1
105,10.1021/acs.nanolett.5b02497,CCCCCCCCCCCCC(O)CN(CCN1CCN(CCN)C(CN(CC(O)CCCCCCCCCCCC)CN(CC(O)CCCCCCCCCCCC)CC(O)CCCCCCCCCCCC)C1)CC(O)CCCCCCCCCCCC,1,1
106,10.1021/acs.nanolett.5b02497,CCCCCCCCCCCCC(O)CN(CCN1CCN(CCN)C(CN(CC(O)CCCCCCCCCCCC)CN(CC(O)CCCCCCCCCCCC)CC(O)CCCCCCCCCCCC)C1)CC(O)CCCCCCCCCCCC,1,3
107,10.1021/acs.nanolett.5b02497,CCCCCCCCCCCCC(O)CN(CCN1CCN(CCN)C(CN(CC(O)CCCCCCCCCCCC)CN(CC(O)CCCCCCCCCCCC)CC(O)CCCCCCCCCCCC)C1)CC(O)CCCCCCCCCCCC,1,0
108,10.1021/acs.nanolett.5b02497,CCCCCCCCCCCCC(O)CN(CCN1CCN(CCN)C(CN(CC(O)CCCCCCCCCCCC)CN(CC(O)CCCCCCCCCCCC)CC(O)CCCCCCCCCCCC)C1)CC(O)CCCCCCCCCCCC,1,3
113,10.1016/j.ymthe.2018.03.010,CCCCC/C=C\C/C=C\CCCCCCCCN(CCO)CCCCCCCC/C=C\C/C=C\CCCCC,0,0
114,10.1016/j.ymthe.2018.03.010,CCCCCCCCCOC(=O)CCCCCCCN(CCO)CCCCCCCC(=O)OCCCCCCCCC,1,2
115,10.1016/j.ymthe.2018.03.010,CCCCC/C=C\C/C=C\CCCCCCCCN(CCO)CCCCCCCC(=O)OCCCCCCCCC,1,4
117,10.1016/j.ymthe.2018.03.010,CCCCCCCCCOC(=O)CCCCCCCN(CCO)CCCCCCCC(=O)OC(CCCCCCCC)CCCCCCCC,1,0
118,10.1016/j.ymthe.2018.03.010,CCCCCCCCC(CCCCCCCC)OC(=O)CCCCCCCN(CCO)CCCCCCCC(=O)OC(CCCCCCCC)CCCCCCCC,0,0
120,10.1016/j.ymthe.2018.03.010,CCCCCCCCCCCOC(=O)CCCCCN(CCO)CCCCCCCC(=O)OC(CCCCCCCC)CCCCCCCC,1,0
121,10.1016/j.ymthe.2018.03.010,CCCCCCCCCOC(=O)CCCN(CCO)CCCCCCCC(=O)OC(CCCCCCCC)CCCCCCCC,1,2
142,10.1073/pnas.1306529110,CCCCCCCCCCSCC(COC(=O)CCN(CCCN(C)C)CCC(=O)OCC(CSCCCCCCCCCC)SCCCCCCCCCC)SCCCCCCCCCC,1,3
143,10.1073/pnas.1306529110,CCCCCCCCCCSCC(COC(=O)CCN(CCCN(CC)CC)CCC(=O)OCC(CSCCCCCCCCCC)SCCCCCCCCCC)SCCCCCCCCCC,1,3
144,10.1073/pnas.1306529110,CCCCCCCCCCSCC(COC(=O)CCN(CCC(=O)OCC(CSCCCCCCCCCC)SCCCCCCCCCC)CCN(C)C)SCCCCCCCCCC,1,4
145,10.1073/pnas.1306529110,CCCCCCCCCCSCC(COC(=O)CCN(CCC(=O)OCC(CSCCCCCCCCCC)SCCCCCCCCCC)CCN(C(C)C)C(C)C)SCCCCCCCCCC,0,1
146,10.1073/pnas.1306529110,CCCCCCCCCCSCC(COC(=O)CCN(CCC(=O)OCC(CSCCCCCCCCCC)SCCCCCCCCCC)CC(C)(C)CN(C)C)SCCCCCCCCCC,0,3
147,10.1073/pnas.1306529110,CCCCCCCCCCSCC(COC(=O)CCN(CCCN(CCCC)CCCC)CCC(=O)OCC(CSCCCCCCCCCC)SCCCCCCCCCC)SCCCCCCCCCC,0,0
148,10.1073/pnas.1306529110,CCCCCCCCCCSCC(COC(=O)CCN(CCC(=O)OCC(CSCCCCCCCCCC)SCCCCCCCCCC)CCN1CCCCC1)SCCCCCCCCCC,1,2
149,10.1073/pnas.1306529110,CCCCCCCCCCSCC(COC(=O)CCN(CCC(=O)OCC(CSCCCCCCCCCC)SCCCCCCCCCC)CCN1CCOCC1)SCCCCCCCCCC,0,1
150,10.1073/pnas.1306529110,CCCCCCCCCCSCC(COC(=O)CCN(CCC(=O)OCC(CSCCCCCCCCCC)SCCCCCCCCCC)CCN1CCCC1)SCCCCCCCCCC,1,1
151,10.1073/pnas.1306529110,CCCCCCCCCCSCC(COC(=O)CCN(CCC(=O)OCC(CSCCCCCCCCCC)SCCCCCCCCCC)C1CN(C)C1)SCCCCCCCCCC,0,3
152,10.1073/pnas.1306529110,CCCCCCCCCCSCC(COC(=O)CCN(CCC(=O)OCC(CSCCCCCCCCCC)SCCCCCCCCCC)C1CCN(C)C1)SCCCCCCCCCC,1,2
153,10.1073/pnas.1306529110,CCCCCCCCCCSCC(COC(=O)CCN(CCCN1CCCC1)CCC(=O)OCC(CSCCCCCCCCCC)SCCCCCCCCCC)SCCCCCCCCCC,1,4
154,10.1073/pnas.1306529110,CCCCCCCCCCSCC(COC(=O)CCN(CCC(=O)OCC(CSCCCCCCCCCC)SCCCCCCCCCC)CCc1ccccn1)SCCCCCCCCCC,0,4
155,10.1073/pnas.1306529110,CCCCCCCCCCSCC(COC(=O)CCN(CCC(=O)OCC(CSCCCCCCCCCC)SCCCCCCCCCC)CCN1CCC(C)C1)SCCCCCCCCCC,1,1
156,10.1073/pnas.1306529110,CCCCCCCCCCSCC(COC(=O)CCN(CCC(=O)OCC(CSCCCCCCCCCC)SCCCCCCCCCC)CCC1CCN(C)C1)SCCCCCCCCCC,1,2
157,10.1073/pnas.1306529110,CCCCCCCCCCSCC(COC(=O)CCN(CCC(=O)OCC(CSCCCCCCCCCC)SCCCCCCCCCC)CCC1CCCN1C)SCCCCCCCCCC,1,1
158,10.1073/pnas.1306529110,CCCCCCCCCCSCC(COC(=O)CCN(CCC(=O)OCC(CSCCCCCCCCCC)SCCCCCCCCCC)CCN1CCCC1C)SCCCCCCCCCC,1,4
159,10.1073/pnas.1306529110,CCCCCCCCCCSCC(COC(=O)CCN(CCC(=O)OCC(CSCCCCCCCCCC)SCCCCCCCCCC)CCC1CCCC1)SCCCCCCCCCC,0,4
160,10.1073/pnas.1306529110,CCCCCCCCCCSCC(COC(=O)CCN(CCCN1CCCCC1C)CCC(=O)OCC(CSCCCCCCCCCC)SCCCCCCCCCC)SCCCCCCCCCC,1,1
161,10.1073/pnas.1306529110,CCCCCCCCCCSCC(COC(=O)CCN(CCCn1ccnc1)CCC(=O)OCC(CSCCCCCCCCCC)SCCCCCCCCCC)SCCCCCCCCCC,0,1
162,10.1073/pnas.1306529110,CCCCCCCCCCSCC(COC(=O)CCN(CCCN1CCCN(C)CC1)CCC(=O)OCC(CSCCCCCCCCCC)SCCCCCCCCCC)SCCCCCCCCCC,0,2
163,10.1073/pnas.1306529110,CCCCCCCCCCSCC(COC(=O)CCN(CCCN1CCN(C)CC1)CCC(=O)OCC(CSCCCCCCCCCC)SCCCCCCCCCC)SCCCCCCCCCC,1,4
164,10.1073/pnas.1306529110,CCCCCCCCCCSCC(COC(=O)CCN(CCC(=O)OCC(CSCCCCCCCCCC)SCCCCCCCCCC)CCN1CCN(C)CC1)SCCCCCCCCCC,1,0
165,10.1073/pnas.1306529110,CCCCCCCCCCSCC(COC(=O)CCN(CCC(=O)OCC(CSCCCCCCCCCC)SCCCCCCCCCC)CCN1CCCN(C)CC1)SCCCCCCCCCC,0,1
166,10.1073/pnas.1306529110,CCCCCCCCCCSCC(COC(=O)CCN(CCC(=O)OCC(CSCCCCCCCCCC)SCCCCCCCCCC)CC1CN(C)CCN1C)SCCCCCCCCCC,1,3
167,10.1073/pnas.1306529110,CCCCCCCCCCSCC(COC(=O)CCN(CCCC)CCC(=O)OCC(CSCCCCCCCCCC)SCCCCCCCCCC)SCCCCCCCCCC,0,1
168,10.1073/pnas.1306529110,CCCCCCCCCCSCC(COC(=O)CCN(CCC(=O)OCC(CSCCCCCCCCCC)SCCCCCCCCCC)C1CCN(C)CC1)SCCCCCCCCCC,1,3
169,10.1073/pnas.1306529110,CCCCCCCCCCSCC(COC(=O)CCN(CCC(=O)OCC(CSCCCCCCCCCC)SCCCCCCCCCC)CCN1CCS(=O)(=O)CC1)SCCCCCCCCCC,0,0
170,10.1073/pnas.1306529110,CCCCCCCCCCSCC(COC(=O)CCN(CCC(=O)OCC(CSCCCCCCCCCC)SCCCCCCCCCC)C1CCN(Cc2ccccc2)CC1)SCCCCCCCCCC,1,2
171,10.1073/pnas.1306529110,CCCCCCCCCCSCC(COC(=O)CCN(CCC(=O)OCC(CSCCCCCCCCCC)SCCCCCCCCCC)C1CCN(Cc2ccccc2)C1)SCCCCCCCCCC,0,3
172,10.1073/pnas.1306529110,CCCCCCCCCCSCC(COC(=O)CCN(CCC(=O)OCC(CSCCCCCCCCCC)SCCCCCCCCCC)C(C)CN(C)C)SCCCCCCCCCC,1,4
173,10.1073/pnas.1306529110,CCCCCCCCCCSCC(COC(=O)CCN(C)CCN(C)CCC(=O)OCC(CSCCCCCCCCCC)SCCCCCCCCCC)SCCCCCCCCCC,1,1
175,10.1126/sciadv.abc2315,CCCCCCCC=CC=CCCCCCCCCN(CCCCCCCC=CC=CCCCCCCCCC)CCCNC(=O)c1cc(C(=O)NCCCN(CCCCCCCC=CC=CCCCCCCCCC)CCCCCCCC=CC=CCCCCCCCCC)cc(C(=O)NCCN(CCCCCCCC=CC=CCCCCCCCCC)CCCCCCCC=CC=CCCCCCCCCC)c1,0,3
176,10.1126/sciadv.abc2315,CCCCCCCCCCOC(=O)CCCCCCCCCN(CCCCCCCCCCOC(=O)CCCCCCCCCC)CCCNC(=O)c1cc(C(=O)NCCCN(CCCCCCCCCCOC(=O)CCCCCCCCCC)CCCCCCCCCCOC(=O)CCCCCCCCCC)cc(C(=O)NCCN(CCCCCCCCCCOC(=O)CCCCCCCCCC)CCCCCCCCCCOC(=O)CCCCCCCCCC)c1,0,4
177,10.1126/sciadv.abc2315,CCCCCCCCCCC(=O)OC(CC)CCN(CCCCCCCCCC(=O)OC(CC)CC)CCCNC(=O)c1cc(C(=O)NCCCN(CCC(CC)OC(=O)CCCCCCCCCC)CCC(CC)OC(=O)CCCCCCCCCC)cc(C(=O)NCCN(CCC(CC)OC(=O)CCCCCCCCCC)CCC(CC)OC(=O)CCCCCCCCCC)c1,0,4
178,10.1126/sciadv.abc2315,CCCCCCCCC(=O)OCCCC(CCC)CN(CCCCCCCC(=O)OCCCC(C)CCC)CCCNC(=O)c1cc(C(=O)NCCCN(CC(CCC)CCCOC(=O)CCCCCCCC)CC(CCC)CCCOC(=O)CCCCCCCC)cc(C(=O)NCCN(CC(CCC)CCCOC(=O)CCCCCCCC)CC(CCC)CCCOC(=O)CCCCCCCC)c1,0,2
179,10.1126/sciadv.abc2315,CCCCCCCCC(=O)OCC(CCCC)CCN(CCCCCCCC(=O)OCC(CC)CCCC)CCCNC(=O)c1cc(C(=O)NCCCN(CCC(CCCC)COC(=O)CCCCCCCC)CCC(CCCC)COC(=O)CCCCCCCC)cc(C(=O)NCCN(CCC(CCCC)COC(=O)CCCCCCCC)CCC(CCCC)COC(=O)CCCCCCCC)c1,0,4
180,10.1126/sciadv.abc2315,CCCCCCCCC(=O)OC(C)CCCCCCCN(CCCCCCCC(=O)OC(C)CCCCCCC)CCCNC(=O)c1cc(C(=O)NCCCN(CCCCCCCC(C)OC(=O)CCCCCCCC)CCCCCCCC(C)OC(=O)CCCCCCCC)cc(C(=O)NCCN(CCCCCCCC(C)OC(=O)CCCCCCCC)CCCCCCCC(C)OC(=O)CCCCCCCC)c1,0,0
181,10.1126/sciadv.abc2315,CCCCCCC=CCOC(=O)CCCCCCCN(CCCCCCC=CCOC(=O)CCCCCCCC)CCCNC(=O)c1cc(C(=O)NCCCN(CCCCCCC=CCOC(=O)CCCCCCCC)CCCCCCC=CCOC(=O)CCCCCCCC)cc(C(=O)NCCN(CCCCCCC=CCOC(=O)CCCCCCCC)CCCCCCC=CCOC(=O)CCCCCCCC)c1,0,3
182,10.1126/sciadv.abc2315,CCCCCCC=CCCOC(=O)CCCCCCCN(CCCCCCC=CCCOC(=O)CCCCCCCC)CCCNC(=O)c1cc(C(=O)NCCCN(CCCCCCC=CCCOC(=O)CCCCCCCC)CCCCCCC=CCCOC(=O)CCCCCCCC)cc(C(=O)NCCN(CCCCCCC=CCCOC(=O)CCCCCCCC)CCCCCCC=CCCOC(=O)CCCCCCCC)c1,0,2
183,10.1126/sciadv.abc2315,CCCCCCCCCCOC(=O)CCCCCCCN(CCCCCCCCCCOC(=O)CCCCCCCC)CCCNC(=O)c1cc(C(=O)NCCCN(CCCCCCCCCCOC(=O)CCCCCCCC)CCCCCCCCCCOC(=O)CCCCCCCC)cc(C(=O)NCCN(CCCCCCCCCCOC(=O)CCCCCCCC)CCCCCCCCCCOC(=O)CCCCCCCC)c1,0,3
184,10.1126/sciadv.abc2315,CCC=CCOC(=O)CCCCCCCCN(CCC=CCOC(=O)CCCCCCCCC)CCCNC(=O)c1cc(C(=O)NCCCN(CCC=CCOC(=O)CCCCCCCCC)CCC=CCOC(=O)CCCCCCCCC)cc(C(=O)NCCN(CCC=CCOC(=O)CCCCCCCCC)CCC=CCOC(=O)CCCCCCCCC)c1,0,3
189,10.1016/j.nano.2016.12.014,CCCCC/C=C\C/C=C\CCCCCCCCC1(CCCCCCCC/C=C\C/C=C\CCCCC)OCC(CCN(C)C)O1,1,2
190,10.1016/j.nano.2016.12.014,CCCCC/C=C\C/C=C\CCCCCCCCC1(CCCCCCCC/C=C\C/C=C\CCCCC)OCC(CCN(C)C)O1,1,0
191,10.1016/j.nano.2016.12.014,CCCCC/C=C\C/C=C\CCCCCCCCC1(CCCCCCCC/C=C\C/C=C\CCCCC)OCC(CCN(C)C)O1,1,4
193,10.1038/mtna.2014.61,CCCCC/C=C\C/C=C\CCCCCCCCC(CCCCCCCC/C=C\C/C=C\CCCCC)OC(=O)CCCN(C)C,1,0
194,10.1038/mtna.2014.61,CCCCC/C=C\C/C=C\CCCCCCCCC(CCCCCCCC/C=C\C/C=C\CCCCC)OC(=O)CCCN(C)C,1,0
195,10.1038/mtna.2014.61,CCCCC/C=C\C/C=C\CCCCCCCCC(CCCCCCCC/C=C\C/C=C\CCCCC)OC(=O)CCCN(C)C,0,1
198,10.1002/adma.201606944,CCCCC/C=C\C/C=C\CCCCCCCC(=O)OCCN(CCCCC1NC(=O)C(CCCCN(CCOC(=O)CCCCCCC/C=C\C/C=C\CCCCC)CCOC(=O)CCCCCCC/C=C\C/C=C\CCCCC)NC1=O)CCOC(=O)CCCCCCC/C=C\C/C=C\CCCCC,1,3
199,10.1002/adma.201606944,CCCCC/C=C\C/C=C\CCCCCCCC(=O)OCCN(CCCCC1NC(=O)C(CCCCN(CCOC(=O)CCCCCCC/C=C\C/C=C\CCCCC)CCOC(=O)CCCCCCC/C=C\C/C=C\CCCCC)NC1=O)CCOC(=O)CCCCCCC/C=C\C/C=C\CCCCC,1,3
204,10.1038/s41467-024-45422-9,CCCC(CC)CC(=O)Oc1cc(CN2CCC(N)CC2)cc(OC(=O)CC(CC)CCC)c1O,1,1
205,10.1038/s41467-024-45422-9,CCCC(CC)CC(=O)Oc1cc(CN2CCN(CCN)CC2)cc(OC(=O)CC(CC)CCC)c1O,1,0
210,10.1038/s41467-024-45422-9,CCCCC(CC)CC(=O)Oc1cc(CN2CCC(N)CC2)cc(OC(=O)CC(CC)CCCC)c1O,0,3
211,10.1038/s41467-024-45422-9,CCCCC(CC)CC(=O)Oc1cc(CN2CCN(CCN)CC2)cc(OC(=O)CC(CC)CCCC)c1O,1,0
225,10.1038/s41467-024-45422-9,CCCCCC(CC)CC(=O)Oc1cc(CN(CCN)CCCN)cc(OC(=O)CC(CC)CCCCC)c1O,1,4
226,10.1038/s41467-024-45422-9,CCCCC/C=C\C/C=C\CCCCCCCCC(CCCCCCCC/C=C\C/C=C\CCCCC)OC(=O)CCCN(C)C,0,0
258,10.1038/s41467-024-45422-9,CCCCCC(CC)CC(=O)Oc1cc(CNCCCCN)cc(OC(=O)CC(CC)CCCCC)c1OC(=O)CC(CC)CCCCC,1,4
340,10.1039/d0bm01609h,CCCCCCCCCCCCC(O)CN(CCN1CCN(CCN)C(CN(CC(O)CCCCCCCCCCCC)CN(CC(O)CCCCCCCCCCCC)CC(O)CCCCCCCCCCCC)C1)CC(O)CCCCCCCCCCCC,1,0
388,10.1039/d0bm01609h,CCCCCCCCCCCCC(O)CN(CCN1CCN(CCN)C(CN(CC(O)CCCCCCCCCCCC)CN(CC(O)CCCCCCCCCCCC)CC(O)CCCCCCCCCCCC)C1)CC(O)CCCCCCCCCCCC,1,2
396,10.1016/j.omtn.2020.01.018,structure_missing_lnp_396,0,0
398,10.1016/j.omtn.2020.01.018,structure_missing_lnp_398,0,4
400,10.1016/j.omtn.2020.01.018,structure_missing_lnp_400,0,0
402,10.1016/j.omtn.2020.01.018,structure_missing_lnp_402,0,4
404,10.1016/j.omtn.2020.01.018,structure_missing_lnp_404,1,0
406,10.1016/j.omtn.2020.01.018,structure_missing_lnp_406,1,3
408,10.1016/j.omtn.2020.01.018,structure_missing_lnp_408,1,3
410,10.1016/j.omtn.2020.01.018,structure_missing_lnp_410,1,1
412,10.1016/j.omtn.2020.01.018,structure_missing_lnp_412,1,2
414,10.1016/j.omtn.2020.01.018,structure_missing_lnp_414,1,0
416,10.1016/j.omtn.2020.01.018,structure_missing_lnp_416,0,1
418,10.1016/j.omtn.2020.01.018,structure_missing_lnp_418,0,4
420,10.1016/j.omtn.2020.01.018,structure_missing_lnp_420,1,3
422,10.1016/j.omtn.2020.01.018,structure_missing_lnp_422,1,1
424,10.1016/j.omtn.2020.01.018,structure_missing_lnp_424,1,3
426,10.1016/j.omtn.2020.01.018,structure_missing_lnp_426,1,2
428,10.1016/j.omtn.2020.01.018,structure_missing_lnp_428,0,1
430,10.1073/pnas.1520244113,structure_missing_lnp_430,1,4
433,10.1002/anie.201809056,structure_missing_lnp_433,0,4
435,10.1002/anie.201809056,structure_missing_lnp_435,0,4
437,10.1002/anie.201809056,structure_missing_lnp_437,0,0
440,10.1002/anie.201809056,structure_missing_lnp_440,0,3
442,10.1002/anie.201809056,structure_missing_lnp_442,0,3
444,10.1002/anie.201809056,CCCCC/C=C\C/C=C\CCCCCCCC(=O)OCCN(CCCCC1NC(=O)C(CCCCN(CCOC(=O)CCCCCCC/C=C\C/C=C\CCCCC)CCOC(=O)CCCCCCC/C=C\C/C=C\CCCCC)NC1=O)CCOC(=O)CCCCCCC/C=C\C/C=C\CCCCC,0,4
446,10.1002/anie.201809056,CCCCC/C=C\C/C=C\CCCCCCCC(=O)OCCCCN(CCCCOC(=O)CCCCCCC/C=C\C/C=C\CCCCC)CCCC[C@@H]1NC(=O)[C@H](CCCCN(CCCCOC(=O)CCCCCCC/C=C\C/C=C\CCCCC)CCCCOC(=O)CCCCCCC/C=C\C/C=C\CCCCC)NC1=O,0,4
448,10.1002/anie.201809056,structure_missing_lnp_448,0,3
462,10.1016/j.jconrel.2019.10.028,CCCCCCCCCCCCC(O)CN(CCN1CCN(CCN)C(CN(CC(O)CCCCCCCCCCCC)CN(CC(O)CCCCCCCCCCCC)CC(O)CCCCCCCCCCCC)C1)CC(O)CCCCCCCCCCCC,1,1
463,10.1016/j.jconrel.2019.10.028,CCCCCCCCCCCCC(O)CN(CCN1CCN(CCN)C(CN(CC(O)CCCCCCCCCCCC)CN(CC(O)CCCCCCCCCCCC)CC(O)CCCCCCCCCCCC)C1)CC(O)CCCCCCCCCCCC,1,2
464,10.1016/j.jconrel.2019.10.028,CCCCCCCCCCCCC(O)CN(CCN1CCN(CCN)C(CN(CC(O)CCCCCCCCCCCC)CN(CC(O)CCCCCCCCCCCC)CC(O)CCCCCCCCCCCC)C1)CC(O)CCCCCCCCCCCC,1,0
465,10.1016/j.jconrel.2019.10.028,CCCCCCCCCCCCC(O)CN(CCN1CCN(CCN)C(CN(CC(O)CCCCCCCCCCCC)CN(CC(O)CCCCCCCCCCCC)CC(O)CCCCCCCCCCCC)C1)CC(O)CCCCCCCCCCCC,1,3
473,10.1073/pnas.2409572122,structure_missing_lnp_473,0,2
474,10.1073/pnas.2409572122,structure_missing_lnp_474,0,1
476,10.1039/d5nr00433k,CCCCC/C=C\C/C=C\CCCCCCC(O)CN(CCCCC1NC(=O)C(CCCCN(CC(O)CCCCCC/C=C\C/C=C\CCCCC)CC(O)CCCCCC/C=C\C/C=C\CCCCC)NC1=O)CC(O)CCCCCC/C=C\C/C=C\CCCCC,1,0
477,10.1039/d5nr00433k,CCCCC/C=C\C/C=C\CCCCCCC(O)CN(CCCCC1NC(=O)C(CCCCN(CC(O)CCCCCC/C=C\C/C=C\CCCCC)CC(O)CCCCCC/C=C\C/C=C\CCCCC)NC1=O)CC(O)CCCCCC/C=C\C/C=C\CCCCC,1,2
478,10.1039/d5nr00433k,CCCCC/C=C\C/C=C\CCCCCCC(O)CN(CCCCC1NC(=O)C(CCCCN(CC(O)CCCCCC/C=C\C/C=C\CCCCC)CC(O)CCCCCC/C=C\C/C=C\CCCCC)NC1=O)CC(O)CCCCCC/C=C\C/C=C\CCCCC,1,3
479,10.1039/d5nr00433k,CCCCC/C=C\C/C=C\CCCCCCC(O)CN(CCCCC1NC(=O)C(CCCCN(CC(O)CCCCCC/C=C\C/C=C\CCCCC)CC(O)CCCCCC/C=C\C/C=C\CCCCC)NC1=O)CC(O)CCCCCC/C=C\C/C=C\CCCCC,0,2
480,10.1039/d5nr00433k,CCCCC/C=C\C/C=C\CCCCCCC(O)CN(CCCCC1NC(=O)C(CCCCN(CC(O)CCCCCC/C=C\C/C=C\CCCCC)CC(O)CCCCCC/C=C\C/C=C\CCCCC)NC1=O)CC(O)CCCCCC/C=C\C/C=C\CCCCC,0,1
481,10.1039/d5nr00433k,CCCCC/C=C\C/C=C\CCCCCCC(O)CN(CCCCC1NC(=O)C(CCCCN(CC(O)CCCCCC/C=C\C/C=C\CCCCC)CC(O)CCCCCC/C=C\C/C=C\CCCCC)NC1=O)CC(O)CCCCCC/C=C\C/C=C\CCCCC,0,1
482,10.1039/d5nr00433k,CCCCC/C=C\C/C=C\CCCCCCC(O)CN(CCCCC1NC(=O)C(CCCCN(CC(O)CCCCCC/C=C\C/C=C\CCCCC)CC(O)CCCCCC/C=C\C/C=C\CCCCC)NC1=O)CC(O)CCCCCC/C=C\C/C=C\CCCCC,0,1
483,10.1039/d5nr00433k,CCCCC/C=C\C/C=C\CCCCCCC(O)CN(CCCCC1NC(=O)C(CCCCN(CC(O)CCCCCC/C=C\C/C=C\CCCCC)CC(O)CCCCCC/C=C\C/C=C\CCCCC)NC1=O)CC(O)CCCCCC/C=C\C/C=C\CCCCC,1,2
484,10.1039/d5nr00433k,CCCCC/C=C\C/C=C\CCCCCCC(O)CN(CCCCC1NC(=O)C(CCCCN(CC(O)CCCCCC/C=C\C/C=C\CCCCC)CC(O)CCCCCC/C=C\C/C=C\CCCCC)NC1=O)CC(O)CCCCCC/C=C\C/C=C\CCCCC,0,3
485,10.1039/d5nr00433k,CCCCC/C=C\C/C=C\CCCCCCC(O)CN(CCCCC1NC(=O)C(CCCCN(CC(O)CCCCCC/C=C\C/C=C\CCCCC)CC(O)CCCCCC/C=C\C/C=C\CCCCC)NC1=O)CC(O)CCCCCC/C=C\C/C=C\CCCCC,1,0
486,10.1039/d5nr00433k,CCCCC/C=C\C/C=C\CCCCCCC(O)CN(CCCCC1NC(=O)C(CCCCN(CC(O)CCCCCC/C=C\C/C=C\CCCCC)CC(O)CCCCCC/C=C\C/C=C\CCCCC)NC1=O)CC(O)CCCCCC/C=C\C/C=C\CCCCC,0,3
487,10.1039/d5nr00433k,CCCCC/C=C\C/C=C\CCCCCCC(O)CN(CCCCC1NC(=O)C(CCCCN(CC(O)CCCCCC/C=C\C/C=C\CCCCC)CC(O)CCCCCC/C=C\C/C=C\CCCCC)NC1=O)CC(O)CCCCCC/C=C\C/C=C\CCCCC,1,2
488,10.1039/d5nr00433k,CCCCC/C=C\C/C=C\CCCCCCC(O)CN(CCCCC1NC(=O)C(CCCCN(CC(O)CCCCCC/C=C\C/C=C\CCCCC)CC(O)CCCCCC/C=C\C/C=C\CCCCC)NC1=O)CC(O)CCCCCC/C=C\C/C=C\CCCCC,0,4
489,10.1039/d5nr00433k,CCCCC/C=C\C/C=C\CCCCCCC(O)CN(CCCCC1NC(=O)C(CCCCN(CC(O)CCCCCC/C=C\C/C=C\CCCCC)CC(O)CCCCCC/C=C\C/C=C\CCCCC)NC1=O)CC(O)CCCCCC/C=C\C/C=C\CCCCC,1,1
490,10.1039/d5nr00433k,CCCCC/C=C\C/C=C\CCCCCCC(O)CN(CCCCC1NC(=O)C(CCCCN(CC(O)CCCCCC/C=C\C/C=C\CCCCC)CC(O)CCCCCC/C=C\C/C=C\CCCCC)NC1=O)CC(O)CCCCCC/C=C\C/C=C\CCCCC,1,1
491,10.1039/d5nr00433k,CCCCC/C=C\C/C=C\CCCCCCC(O)CN(CCCCC1NC(=O)C(CCCCN(CC(O)CCCCCC/C=C\C/C=C\CCCCC)CC(O)CCCCCC/C=C\C/C=C\CCCCC)NC1=O)CC(O)CCCCCC/C=C\C/C=C\CCCCC,1,3
492,10.1039/d5nr00433k,CCCCC/C=C\C/C=C\CCCCCCC(O)CN(CCCCC1NC(=O)C(CCCCN(CC(O)CCCCCC/C=C\C/C=C\CCCCC)CC(O)CCCCCC/C=C\C/C=C\CCCCC)NC1=O)CC(O)CCCCCC/C=C\C/C=C\CCCCC,1,1
493,10.1039/d5nr00433k,CCCCC/C=C\C/C=C\CCCCCCC(O)CN(CCCCC1NC(=O)C(CCCCN(CC(O)CCCCCC/C=C\C/C=C\CCCCC)CC(O)CCCCCC/C=C\C/C=C\CCCCC)NC1=O)CC(O)CCCCCC/C=C\C/C=C\CCCCC,1,1
494,10.1039/d5nr00433k,CCCCC/C=C\C/C=C\CCCCCCC(O)CN(CCCCC1NC(=O)C(CCCCN(CC(O)CCCCCC/C=C\C/C=C\CCCCC)CC(O)CCCCCC/C=C\C/C=C\CCCCC)NC1=O)CC(O)CCCCCC/C=C\C/C=C\CCCCC,1,3
495,10.1039/d5nr00433k,CCCCC/C=C\C/C=C\CCCCCCC(O)CN(CCCCC1NC(=O)C(CCCCN(CC(O)CCCCCC/C=C\C/C=C\CCCCC)CC(O)CCCCCC/C=C\C/C=C\CCCCC)NC1=O)CC(O)CCCCCC/C=C\C/C=C\CCCCC,1,1
496,10.1039/d5nr00433k,CCCCC/C=C\C/C=C\CCCCCCC(O)CN(CCCCC1NC(=O)C(CCCCN(CC(O)CCCCCC/C=C\C/C=C\CCCCC)CC(O)CCCCCC/C=C\C/C=C\CCCCC)NC1=O)CC(O)CCCCCC/C=C\C/C=C\CCCCC,1,0
497,10.1039/d5nr00433k,CCCCC/C=C\C/C=C\CCCCCCC(O)CN(CCCCC1NC(=O)C(CCCCN(CC(O)CCCCCC/C=C\C/C=C\CCCCC)CC(O)CCCCCC/C=C\C/C=C\CCCCC)NC1=O)CC(O)CCCCCC/C=C\C/C=C\CCCCC,0,0
498,10.1039/d5nr00433k,CCCCC/C=C\C/C=C\CCCCCCC(O)CN(CCCCC1NC(=O)C(CCCCN(CC(O)CCCCCC/C=C\C/C=C\CCCCC)CC(O)CCCCCC/C=C\C/C=C\CCCCC)NC1=O)CC(O)CCCCCC/C=C\C/C=C\CCCCC,0,0
499,10.1039/d5nr00433k,CCCCC/C=C\C/C=C\CCCCCCC(O)CN(CCCCC1NC(=O)C(CCCCN(CC(O)CCCCCC/C=C\C/C=C\CCCCC)CC(O)CCCCCC/C=C\C/C=C\CCCCC)NC1=O)CC(O)CCCCCC/C=C\C/C=C\CCCCC,1,0
500,10.1039/d5nr00433k,CCCCC/C=C\C/C=C\CCCCCCC(O)CN(CCCCC1NC(=O)C(CCCCN(CC(O)CCCCCC/C=C\C/C=C\CCCCC)CC(O)CCCCCC/C=C\C/C=C\CCCCC)NC1=O)CC(O)CCCCCC/C=C\C/C=C\CCCCC,1,3
514,10.34133/bmr.0017,CCCCCC/C=C\COC(=O)CCCCCCCCN(CCCCCCCCC(=O)OC/C=C\CCCCCC)CCN1CCN(CCCCCCCCC(=O)OC/C=C\CCCCCC)CC1,0,4
516,10.1002/adfm.202106727,CCCCCCCCCOC(=O)CCCCCCCN(CCCO)CCCCCCCC(=O)OC(CCCCCCCC)CCCCCCCC,1,1
517,10.1002/adfm.202106727,CCCCCCCCCOC(=O)CCCCCCCN(CCCCO)CCCCCCCC(=O)OC(CCCCCCCC)CCCCCCCC,1,3
518,10.1002/adfm.202106727,CCCCCCCCCOC(=O)CCCCCCCN(CCCCCCCC(=O)OC(CCCCCCCC)CCCCCCCC)CCCNC(C)=O,1,2
519,10.1002/adfm.202106727,CCCCCCCCCOC(=O)CCCCCCCN(CCCCCCCC(=O)OC(CCCCCCCC)CCCCCCCC)CCCNS(C)(=O)=O,1,1
520,10.1002/adfm.202106727,CCCCCCCCCOC(=O)CCCCCCCN(CCCCCCCC(=O)OC(CCCCCCCC)CCCCCCCC)CCCNC(=O)N(C)C,1,2
521,10.1002/adfm.202106727,CCCCCCCCCOC(=O)CCCCCCCN(CCCCCCCC(=O)OC(CCCCCCCC)CCCCCCCC)CCCNC(=S)N(C)C,1,1
522,10.1002/adfm.202106727,CCCCCCCCCOC(=O)CCCCCCCN(CCCCCCCC(=O)OC(CCCCCCCC)CCCCCCCC)CCCNC(=O)NC,1,4
523,10.1002/adfm.202106727,CCCCCCCCCOC(=O)CCCCCCCN(CCCCCCCC(=O)OC(CCCCCCCC)CCCCCCCC)CCCNC(=S)NC,1,2
524,10.1002/adfm.202106727,CCCCCCCCCOC(=O)CCCCCCCN(CCCCCCCC(=O)OC(CCCCCCCC)CCCCCCCC)CCCOC(=O)NC,1,4
526,10.1002/adfm.202106727,CCCCCCCCCOC(=O)CCCCCCCN(CCCCCCCCC(=O)OC(CCCCCCCC)CCCCCCCC)CCCN/C(N)=N\C#N,1,4
527,10.1002/adfm.202106727,CCCCCCCCCOC(=O)CCCCCCCN(CCCCCCCCC(=O)OC(CCCCCCCC)CCCCCCCC)CCCN/C(=N\C#N)NC,1,3
528,10.1002/adfm.202106727,CCCCCCCCCOC(=O)CCCCCCCN(CCCCCCCC(=O)OC(CCCCCCCC)CCCCCCCC)CCCN/C(=N\C#N)N(C)C,1,2
529,10.1002/adfm.202106727,CCCCCCCCCOC(=O)CCCCCCCN(CCCCCCCCC(=O)OC(CCCCCCCC)CCCCCCCC)CCCN/C(=N\[N+](=O)[O-])N(C)C,1,3
530,10.1002/adfm.202106727,CCCCCCCCCOC(=O)CCCCCCCN1CCN(CCCCCCCC(=O)OC(CCCCCCCC)CCCCCCCC)CCCOC1=N,1,2
531,10.1002/adfm.202106727,CCCCCCCCCOC(=O)CCCCCCCN(CCCCCCCC(=O)OC(CCCCCCCC)CCCCCCCC)CCCN/C(=N\S(N)(=O)=O)N(C)C,1,3
532,10.1002/adfm.202106727,CCCCCCCCCOC(=O)CCCCCCCN(CCCCCCCC(=O)OC(CCCCCCCC)CCCCCCCC)CCCNC(N)=C[N+](=O)[O-],1,1
533,10.1002/adfm.202106727,CCCCCCCCCOC(=O)CCCCCCCN(CCCCCCCCC(=O)OC(CCCCCCCC)CCCCCCCC)CCCNC(=C[N+](=O)[O-])NC,1,0
534,10.1002/adfm.202106727,CCCCCCCCCOC(=O)CCCCCCCN(CCCCCCCCC(=O)OC(CCCCCCCC)CCCCCCCC)CCCNC(=C[N+](=O)[O-])N(C)C,1,3
535,10.1002/adfm.202106727,CCCCCCCCCOC(=O)CCCCCCCN(CCCCCCCC(=O)OC(CCCCCCCC)CCCCCCCC)CCCNc1nccs1,1,3
536,10.1002/adfm.202106727,CCCCCCCCCOC(=O)CCCCCCCN(CCCCCCCC(=O)OC(CCCCCCCC)CCCCCCCC)CCCNc1c(N)c(=O)c1=O,1,4
537,10.1002/adfm.202106727,CCCCCCCCCOC(=O)CCCCCCCN(CCCCCCCC(=O)OC(CCCCCCCC)CCCCCCCC)CCCNc1c(NC)c(=O)c1=O,1,1
538,10.1002/adfm.202106727,CCCCCCCCCCC(=O)OCCCCCCCN(CCCCCCCC(=O)OC(CCCCCCCC)CCCCCCCC)CCCNC(=S)N(C)C,1,3
539,10.1002/adfm.202106727,CCCCCCCCCCC(=O)OCCCCCCCN(CCCCCCCC(=O)OC(CCCCCCCC)CCCCCCCC)CCCNc1c(NC)c(=O)c1=O,1,2
540,10.1002/adfm.202106727,CCCCCCCCC(C)COC(=O)CCCCCCCN(CCCCCCCC(=O)OC(CCCCCCCC)CCCCCCCC)CCCNC(=S)N(C)C,1,1
541,10.1002/adfm.202106727,CCCCCCCCC(C)COC(=O)CCCCCCCN(CCCCCCCC(=O)OC(CCCCCCCC)CCCCCCCC)CCCNc1c(NC)c(=O)c1=O,1,4
542,10.1002/adfm.202106727,CCCCCCCCC(CC)COC(=O)CCCCCCCN(CCCCCCCC(=O)OC(CCCCCCCC)CCCCCCCC)CCCNC(=S)N(C)C,1,4
543,10.1002/adfm.202106727,structure_missing_lnp_543,1,4
544,10.1002/adfm.202106727,CCCCCCCCCC(C)(C)COC(=O)CCCCCCCN(CCCCCCCC(=O)OC(CCCCCCCC)CCCCCCCC)CCCNC(=S)N(C)C,1,2
545,10.1002/adfm.202106727,CCCCCCCCCOC(=O)CCCCCCCN(CCCCCCCC(=O)OC(CCCCCCCC)CCCCCCCC)CCCNC(=O)Nc1ccc2ccccc2c1,1,4
546,10.1002/adfm.202106727,CCCCCCCCCOC(=O)CCCCCCCN(CCCCCCCC(=O)OC(CCCCCCCC)CCCCCCCC)CCCNC(=O)Nc1ccccc1,1,4
547,10.1002/adfm.202106727,CCCCCCCCCOC(=O)CCCCCCCN(CCCCCCCC(=O)OC(CCCCCCCC)CCCCCCCC)CCCNC(=O)Nc1ccc(F)cc1,1,2
548,10.1002/adfm.202106727,CCCCCCCCCOC(=O)CCCCCCCN(CCCCCCCC(=O)OC(CCCCCCCC)CCCCCCCC)CCCNC(=O)Nc1ccc(Cl)cc1,1,3
549,10.1002/adfm.202106727,CCCCCCCCCOC(=O)CCCCCCCN(CCCCCCCC(=O)OC(CCCCCCCC)CCCCCCCC)CCCNC(=O)Nc1ccc(OC)cc1,1,0
550,10.1002/adfm.202106727,CCCCCCCCCOC(=O)CCCCCCCN(CCCCCCCC(=O)OC(CCCCCCCC)CCCCCCCC)CCCNC(=O)Nc1ccc([N+](=O)[O-])cc1,1,1
551,10.1002/adfm.202106727,CCCCCCCCC(CCCCCCCC)OC(=O)CCCCCCCN(CCCCCCCCC(C)=O)CCCNC(=O)N(C)C,1,3
552,10.1002/adfm.202106727,CCCCCCCCC(CCCCCCCC)OC(=O)CCCCCCCN(CCCCCC(=O)CCCCC)CCCNC(=O)N(C)C,0,0
553,10.1002/adfm.202106727,CCCCCCCCC(CCCCCCCC)OC(=O)CCCCCCCN(CCCNC(=O)N(C)C)CCC(C)CCC(C)CCC,0,2
554,10.1002/adfm.202106727,CCCCCCCCC(CCCCCCCC)OC(=O)CCCCCCCN(CCCNC(=O)N(C)C)CCC(C)CCC(C)CCC(C)CCC,0,2
570,10.1016/j.nano.2012.05.019,CCCCC/C=C\C/C=C\CCCCCCCC(=O)OCC(CN(C)C)OC(=O)CCCCCCC/C=C\C/C=C\CCCCC,0,3
571,10.1016/j.nano.2012.05.019,CCCCC/C=C\C/C=C\CCCCCCCCOCC(CN(C)C)OCCCCCCCC/C=C\C/C=C\CCCCC,1,3
572,10.1016/j.nano.2012.05.019,structure_missing_lnp_572,1,1
573,10.1016/j.nano.2012.05.019,CCCCC/C=C\C/C=C\CCCCCCCCC1(CCCCCCCC/C=C\C/C=C\CCCCC)OCC(CCN(C)C)O1,1,3
576,10.1002/jbm.a.37705,CCCCCCCCC(O)CN(CCN1CCN(CCN(CC(O)CCCCCCCC)CC(O)CCCCCCCC)CC1)CCN(CC(O)CCCCCCCC)CC(O)CCCCCCCC,1,4
581,10.1002/jbm.a.37705,structure_missing_lnp_581,0,4
595,10.1038/s41434-019-0095-2,CCCCCCCCCCCCC(O)CN(CCN1CCN(CCN)C(CN(CC(O)CCCCCCCCCCCC)CN(CC(O)CCCCCCCCCCCC)CC(O)CCCCCCCCCCCC)C1)CC(O)CCCCCCCCCCCC,0,2
596,10.1038/s41434-019-0095-2,CCCCCCCCCCCCC(O)CN(CCN1CCN(CCN)C(CN(CC(O)CCCCCCCCCCCC)CN(CC(O)CCCCCCCCCCCC)CC(O)CCCCCCCCCCCC)C1)CC(O)CCCCCCCCCCCC,0,3
597,10.1038/s41434-019-0095-2,structure_missing_lnp_597,0,2
598,10.1038/s41434-019-0095-2,structure_missing_lnp_598,0,4
599,10.1038/s41434-019-0095-2,structure_missing_lnp_599,0,2
600,10.1038/s41434-019-0095-2,structure_missing_lnp_600,0,2
607,10.1126/sciadv.aba1028,structure_missing_lnp_607,1,1
608,10.1126/sciadv.aba1028,structure_missing_lnp_608,1,1
609,10.1126/sciadv.aba1028,structure_missing_lnp_609,0,3
610,10.1126/sciadv.aba1028,structure_missing_lnp_610,0,3
611,10.1126/sciadv.aba1028,structure_missing_lnp_611,0,0
612,10.1126/sciadv.aba1028,structure_missing_lnp_612,0,2
613,10.1126/sciadv.aba1028,structure_missing_lnp_613,1,0
614,10.1126/sciadv.aba1028,structure_missing_lnp_614,1,1
615,10.1126/sciadv.aba1028,structure_missing_lnp_615,0,3
616,10.1126/sciadv.aba1028,structure_missing_lnp_616,1,4
617,10.1126/sciadv.aba1028,structure_missing_lnp_617,1,1
618,10.1126/sciadv.aba1028,structure_missing_lnp_618,0,2
619,10.1126/sciadv.aba1028,structure_missing_lnp_619,0,4
620,10.1126/sciadv.aba1028,structure_missing_lnp_620,0,2
621,10.1126/sciadv.aba1028,CCCCC/C=C\C/C=C\CCCCCCCCC(CCCCCCCC/C=C\C/C=C\CCCCC)OC(=O)CCCN(C)C,1,2
625,10.1021/jacs.2c12893,structure_missing_lnp_625,1,4
628,10.1021/jacs.2c12893,structure_missing_lnp_628,1,1
631,10.1021/jacs.2c12893,structure_missing_lnp_631,1,2
632,10.1021/jacs.2c12893,structure_missing_lnp_632,1,3
635,10.1021/jacs.2c12893,CCCCCCCCCCCCC(O)CN(CCN1CCN(CCN)C(CN(CC(O)CCCCCCCCCCCC)CN(CC(O)CCCCCCCCCCCC)CC(O)CCCCCCCCCCCC)C1)CC(O)CCCCCCCCCCCC,0,2
636,10.1021/jacs.2c12893,CCCCC/C=C\C/C=C\CCCCCCCCC(CCCCCCCC/C=C\C/C=C\CCCCC)OC(=O)CCCN(C)C,0,1
637,10.1016/j.jconrel.2021.11.022,CCCCCCCCCCCCC(O)CN(CCN1CCN(CCN)C(CN(CC(O)CCCCCCCCCCCC)CN(CC(O)CCCCCCCCCCCC)CC(O)CCCCCCCCCCCC)C1)CC(O)CCCCCCCCCCCC,1,0
638,10.1016/j.jconrel.2021.11.022,structure_missing_lnp_638,1,4
639,10.1016/j.jconrel.2021.11.022,CCCCCCCCC(C)COC(=O)CCN(CCNCCN1CCN(CCC(=O)OCC(C)CCCCCCC)CC1)CCC(=O)OCC(C)CCCCCCCC,1,0
640,10.1016/j.jconrel.2021.11.022,CCCCCCCCC(O)CN(CCC(=O)NCC[N+](C)(C)CCCS(=O)(=O)[O-])CCN(CCN(CC(O)CCCCCCCC)CC(O)CCCCCCCC)CCN(CC(O)CCCCCCCC)CC(O)CCCCCCCC,1,4
665,10.1038/s41563-020-00886-0,CCCCCCCCCOP(=O)(O)OCCN(CCCCCCCC)CCCCCCCC,1,1
668,10.1038/s41563-020-00886-0,CCCCCCCCCCCCCCCCO[P-](=O)OCC[N+](CCCC)(CCCCCCCCC)CCO[P-](=O)OCCCCCCCCCCCCCCCC,1,2
669,10.1038/s41563-020-00886-0,CCCCCCCCCOP(=O)(O)OCCN(CCCCCCCC)CCCCCCCC,1,1
672,10.1038/s41563-020-00886-0,CCCCCCCCCOP(=O)(O)OCCN(CCCCCCCC)CCCCCCCC,1,2
673,10.1038/s41563-020-00886-0,CCCCCCCCCOP(=O)(O)OCCN(CCCCCCCC)CCCCCCCC,1,0
674,10.1038/s41563-020-00886-0,CCCCCCCCCOP(=O)(O)OCCN(CCCCCCCC)CCCCCCCC,1,0
675,10.1038/s41563-020-00886-0,CCCCCCCCCOP(=O)(O)OCCN(CCCCCCCC)CCCCCCCC,1,0
679,10.1038/s41563-020-00886-0,CCCCCCCCCCCCCCCCO[P-](=O)OCC[N+](CCCC)(CCCCCCCCC)CCO[P-](=O)OCCCCCCCCCCCCCCCC,1,2
684,10.1038/s41563-020-00886-0,CCCCCCCCCOP(=O)(O)OCCN(CCCCCCCC)CCCCCCCC,1,2
685,10.1038/s41563-020-00886-0,CCCCCCCCCOP(=O)(O)OCCN(CCCCCCCC)CCCCCCCC,1,4
686,10.1038/s41563-020-00886-0,CCCCCCCCCCCCCCCCO[P-](=O)OCC[N+](CCCC)(CCCCCCCCC)CCO[P-](=O)OCCCCCCCCCCCCCCCC,1,1
687,10.1038/s41563-020-00886-0,CCCCC/C=C\C/C=C\CCCCCCCCC(CCCCCCCC/C=C\C/C=C\CCCCC)OC(=O)CCCN(C)C,0,2
773,10.1016/j.ijpharm.2023.123050,CCCCCCC(CCCC)C(=O)OCCCCOC(=O)CCN(CCCN(C)CCCN(CCC(=O)OCCCCOC(=O)C(CCCC)CCCCCC)CCC(=O)OCCCCOC(=O)C(CCCC)CCCCCC)CCC(=O)OCCCCOC(=O)C(CCCC)CCCCCC,1,3
778,10.1002/btm2.10580,CCCCC/C=C\C/C=C\CCCCCCCCC(CCCCCCCC/C=C\C/C=C\CCCCC)OC(=O)CCCN(C)C,1,0
779,10.1002/btm2.10580,CCCCC/C=C\C/C=C\CCCCCCCCC(CCCCCCCC/C=C\C/C=C\CCCCC)OC(=O)CCCN(C)C,1,1
780,10.1002/btm2.10580,CCCCC/C=C\C/C=C\CCCCCCCCC(CCCCCCCC/C=C\C/C=C\CCCCC)OC(=O)CCCN(C)C,0,0
781,10.1002/btm2.10580,CCCCC/C=C\C/C=C\CCCCCCCCC(CCCCCCCC/C=C\C/C=C\CCCCC)OC(=O)CCCN(C)C,1,3
782,10.1002/btm2.10580,CCCCCCCCCCCOC(=O)CCCCCN(CCO)CCCCCCCC(=O)OC(CCCCCCCC)CCCCCCCC,1,2
783,10.1002/btm2.10580,CCCCCCCCCCCOC(=O)CCCCCN(CCO)CCCCCCCC(=O)OC(CCCCCCCC)CCCCCCCC,0,3
784,10.1002/btm2.10580,CCCCCCCCC(CCCCCC)C(=O)OCCCCCCN(CCCCO)CCCCCCOC(=O)C(CCCCCC)CCCCCCCC,0,3
785,10.1002/btm2.10580,CCCCCCCCC(CCCCCC)C(=O)OCCCCCCN(CCCCO)CCCCCCOC(=O)C(CCCCCC)CCCCCCCC,0,0
786,10.1002/btm2.10580,CCCCCCCCCCCOC(=O)CCCCCN(CCO)CCCCCCCC(=O)OC(CCCCCCCC)CCCCCCCC,1,3
787,10.1002/btm2.10580,CCCCCCCCCCCOC(=O)CCCCCN(CCO)CCCCCCCC(=O)OC(CCCCCCCC)CCCCCCCC,0,0
788,10.1002/btm2.10580,CCCCCCCCCCCOC(=O)CCCCCN(CCO)CCCCCCCC(=O)OC(CCCCCCCC)CCCCCCCC,0,0
789,10.1002/btm2.10580,CCCCCCCCCCCOC(=O)CCCCCN(CCO)CCCCCCCC(=O)OC(CCCCCCCC)CCCCCCCC,0,2
790,10.1039/d1bm01454d,CCCCCCCCSCC(C)C(=O)OCCOC(=O)CCN(CCCN(C)CCCN(CCC(=O)OCCOC(=O)C(C)CSCCCCCCCC)CCC(=O)OCCOC(=O)C(C)CSCCCCCCCC)CCC(=O)OCCOC(=O)C(C)CSCCCCCCCC,1,1
791,10.1039/d1bm01454d,CCCCCCCCSCC(C)C(=O)OCCOC(=O)CCN(CCCN(C)CCCN(CCC(=O)OCCOC(=O)C(C)CSCCCCCCCC)CCC(=O)OCCOC(=O)C(C)CSCCCCCCCC)CCC(=O)OCCOC(=O)C(C)CSCCCCCCCC,1,0
792,10.1039/d1bm01454d,CCCCCCCCSCC(C)C(=O)OCCOC(=O)CCN(CCCN(C)CCCN(CCC(=O)OCCOC(=O)C(C)CSCCCCCCCC)CCC(=O)OCCOC(=O)C(C)CSCCCCCCCC)CCC(=O)OCCOC(=O)C(C)CSCCCCCCCC,1,1
793,10.1039/d1bm01454d,CCCCCCCCSCC(C)C(=O)OCCOC(=O)CCN(CCCN(C)CCCN(CCC(=O)OCCOC(=O)C(C)CSCCCCCCCC)CCC(=O)OCCOC(=O)C(C)CSCCCCCCCC)CCC(=O)OCCOC(=O)C(C)CSCCCCCCCC,1,3
794,10.1039/d1bm01454d,CCCCCCCCSCC(C)C(=O)OCCOC(=O)CCN(CCCN(C)CCCN(CCC(=O)OCCOC(=O)C(C)CSCCCCCCCC)CCC(=O)OCCOC(=O)C(C)CSCCCCCCCC)CCC(=O)OCCOC(=O)C(C)CSCCCCCCCC,1,3
795,10.1039/d1bm01454d,CCCCCCCCSCC(C)C(=O)OCCOC(=O)CCN(CCCN(C)CCCN(CCC(=O)OCCOC(=O)C(C)CSCCCCCCCC)CCC(=O)OCCOC(=O)C(C)CSCCCCCCCC)CCC(=O)OCCOC(=O)C(C)CSCCCCCCCC,0,0
796,10.1039/d1bm01454d,CCCCCCCCSCC(C)C(=O)OCCOC(=O)CCN(CCCN(C)CCCN(CCC(=O)OCCOC(=O)C(C)CSCCCCCCCC)CCC(=O)OCCOC(=O)C(C)CSCCCCCCCC)CCC(=O)OCCOC(=O)C(C)CSCCCCCCCC,0,1
797,10.1039/d1bm01454d,CCCCCCCCSCC(C)C(=O)OCCOC(=O)CCN(CCCN(C)CCCN(CCC(=O)OCCOC(=O)C(C)CSCCCCCCCC)CCC(=O)OCCOC(=O)C(C)CSCCCCCCCC)CCC(=O)OCCOC(=O)C(C)CSCCCCCCCC,1,2
798,10.1039/d1bm01454d,CCCCCCCCSCC(C)C(=O)OCCOC(=O)CCN(CCCN(C)CCCN(CCC(=O)OCCOC(=O)C(C)CSCCCCCCCC)CCC(=O)OCCOC(=O)C(C)CSCCCCCCCC)CCC(=O)OCCOC(=O)C(C)CSCCCCCCCC,1,0
799,10.1039/d1bm01454d,CCCCCCCCSCC(C)C(=O)OCCOC(=O)CCN(CCCN(C)CCCN(CCC(=O)OCCOC(=O)C(C)CSCCCCCCCC)CCC(=O)OCCOC(=O)C(C)CSCCCCCCCC)CCC(=O)OCCOC(=O)C(C)CSCCCCCCCC,1,4
800,10.1039/d1bm01454d,CCCCCCCCSCC(C)C(=O)OCCOC(=O)CCN(CCCN(C)CCCN(CCC(=O)OCCOC(=O)C(C)CSCCCCCCCC)CCC(=O)OCCOC(=O)C(C)CSCCCCCCCC)CCC(=O)OCCOC(=O)C(C)CSCCCCCCCC,1,2
801,10.1039/d1bm01454d,CCCCCCCCSCC(C)C(=O)OCCOC(=O)CCN(CCCN(C)CCCN(CCC(=O)OCCOC(=O)C(C)CSCCCCCCCC)CCC(=O)OCCOC(=O)C(C)CSCCCCCCCC)CCC(=O)OCCOC(=O)C(C)CSCCCCCCCC,0,1
802,10.1039/d1bm01454d,CCCCCCCCSCC(C)C(=O)OCCOC(=O)CCN(CCCN(C)CCCN(CCC(=O)OCCOC(=O)C(C)CSCCCCCCCC)CCC(=O)OCCOC(=O)C(C)CSCCCCCCCC)CCC(=O)OCCOC(=O)C(C)CSCCCCCCCC,0,2
813,10.1039/d1na00712b,CCCCC/C=C\C/C=C\CCCCCCCCC(CCCCCCCC/C=C\C/C=C\CCCCC)OC(=O)CCCN(C)C,0,0
814,10.1039/d1na00712b,CCCCC/C=C\C/C=C\CCCCCCCCC(CCCCCCCC/C=C\C/C=C\CCCCC)OC(=O)CCCN(C)C,0,2
815,10.1039/d1na00712b,CCCCC/C=C\C/C=C\CCCCCCCCC(CCCCCCCC/C=C\C/C=C\CCCCC)OC(=O)CCCN(C)C,1,4
816,10.1039/d1na00712b,CCCCC/C=C\C/C=C\CCCCCCCCC(CCCCCCCC/C=C\C/C=C\CCCCC)OC(=O)CCCN(C)C,1,3
817,10.1039/d1na00712b,CCCCC/C=C\C/C=C\CCCCCCCCC(CCCCCCCC/C=C\C/C=C\CCCCC)OC(=O)CCCN(C)C,1,0
818,10.1039/d1na00712b,CCCCC/C=C\C/C=C\CCCCCCCCC(CCCCCCCC/C=C\C/C=C\CCCCC)OC(=O)CCCN(C)C,1,4
819,10.1039/d1na00712b,CCCCC/C=C\C/C=C\CCCCCCCCC(CCCCCCCC/C=C\C/C=C\CCCCC)OC(=O)CCCN(C)C,1,4
820,10.1039/d1na00712b,CCCCC/C=C\C/C=C\CCCCCCCCC(CCCCCCCC/C=C\C/C=C\CCCCC)OC(=O)CCCN(C)C,1,4
821,10.1039/d1na00712b,CCCCC/C=C\C/C=C\CCCCCCCCC(CCCCCCCC/C=C\C/C=C\CCCCC)OC(=O)CCCN(C)C,1,1
822,10.1039/d1na00712b,CCCCC/C=C\C/C=C\CCCCCCCCC(CCCCCCCC/C=C\C/C=C\CCCCC)OC(=O)CCCN(C)C,1,2
823,10.1039/d1na00712b,CCCCC/C=C\C/C=C\CCCCCCCCC(CCCCCCCC/C=C\C/C=C\CCCCC)OC(=O)CCCN(C)C,1,4
824,10.1039/d1na00712b,CCCCC/C=C\C/C=C\CCCCCCCCC(CCCCCCCC/C=C\C/C=C\CCCCC)OC(=O)CCCN(C)C,1,3
825,10.1039/d1na00712b,CCCCC/C=C\C/C=C\CCCCCCCCC(CCCCCCCC/C=C\C/C=C\CCCCC)OC(=O)CCCN(C)C,0,0
826,10.1039/d1na00712b,CCCCC/C=C\C/C=C\CCCCCCCCC(CCCCCCCC/C=C\C/C=C\CCCCC)OC(=O)CCCN(C)C,0,0
827,10.1039/d1na00712b,CCCCC/C=C\C/C=C\CCCCCCCCC(CCCCCCCC/C=C\C/C=C\CCCCC)OC(=O)CCCN(C)C,0,1
828,10.1039/d1na00712b,CCCCC/C=C\C/C=C\CCCCCCCCC(CCCCCCCC/C=C\C/C=C\CCCCC)OC(=O)CCCN(C)C,0,2
829,10.1039/d1na00712b,CCCCC/C=C\C/C=C\CCCCCCCCC(CCCCCCCC/C=C\C/C=C\CCCCC)OC(=O)CCCN(C)C,1,3
830,10.1039/d1na00712b,CCCCC/C=C\C/C=C\CCCCCCCCC(CCCCCCCC/C=C\C/C=C\CCCCC)OC(=O)CCCN(C)C,0,4
845,10.1038/nbt.1602,CCCCC/C=C\C/C=C\CCCCCCCCC1(CCCCCCCC/C=C\C/C=C\CCCCC)OCC(CCN(C)C)O1,1,1
847,10.1038/s41467-024-50093-7,structure_missing_lnp_847,1,2
848,10.1038/s41467-024-50093-7,CCCCCCCCCCCCN(C)CCCC(=O)OCC(COC(=O)CCCN(C)CCCCCCCCCCCC)(OCCCC(=O)N(C)CCCCCCCCCCCC)OC(=O)CCCN(C)CCCCCCCCCCCC,1,1
849,10.1038/s41467-024-50093-7,CCCCCCCCCCCCN(C)CCCC(=O)OCC(COC(=O)CCCN(C)CCCCCCCCCCCC)(OCCCC(=O)N(C)CCCCCCCCCCCC)OC(=O)CCCN(C)CCCCCCCCCCCC,1,0
850,10.1038/s41467-024-50093-7,CCCCCCCCCCCCN(C)CCCC(=O)OCC(COC(=O)CCCN(C)CCCCCCCCCCCC)(OCCCC(=O)N(C)CCCCCCCCCCCC)OC(=O)CCCN(C)CCCCCCCCCCCC,1,3
851,10.1038/s41467-024-50093-7,CCCCCCCCCCCCN(C)CCCC(=O)OCC(COC(=O)CCCN(C)CCCCCCCCCCCC)(OCCCC(=O)N(C)CCCCCCCCCCCC)OC(=O)CCCN(C)CCCCCCCCCCCC,1,0
852,10.1038/s41467-024-50093-7,CCCCCCCCCCCCN(C)CCCC(=O)OCC(COC(=O)CCCN(C)CCCCCCCCCCCC)(OCCCC(=O)N(C)CCCCCCCCCCCC)OC(=O)CCCN(C)CCCCCCCCCCCC,1,2
855,10.1038/s41467-024-50093-7,CCCCCCCCCCCOC(=O)CCCCCN(CCO)CCCCCCCC(=O)OC(CCCCCCCC)CCCCCCCC,1,0
857,10.1038/s41467-024-50093-7,CCCCCCCCC(CCCCCC)C(=O)OCCCCCCN(CCCCO)CCCCCCOC(=O)C(CCCCCC)CCCCCCCC,1,3
859,10.1038/s41467-024-50093-7,CCCCC/C=C\C/C=C\CCCCCCCCC(CCCCCCCC/C=C\C/C=C\CCCCC)OC(=O)CCCN(C)C,1,4
860,10.1038/s41467-024-50093-7,structure_missing_lnp_860,1,0
861,10.1038/s41467-024-50093-7,structure_missing_lnp_861,1,4
863,10.1016/j.jconrel.2025.01.071,CCCCCCCCC(CCCCCC)C(=O)OCCCCCCN(CCCCO)CCCCCCOC(=O)C(CCCCCC)CCCCCCCC,1,2
865,10.1016/j.jconrel.2025.01.071,CCCCCCCCC(CCCCCC)C(=O)OCCCCCCN(CCCCO)CCCCCCOC(=O)C(CCCCCC)CCCCCCCC,1,4
866,10.1016/j.jconrel.2025.01.071,CCCCCCCCC(CCCCCC)C(=O)OCCCCCCN(CCCCO)CCCCCCOC(=O)C(CCCCCC)CCCCCCCC,0,1
867,10.1016/j.jconrel.2025.01.071,CCCCCCCCC(CCCCCC)C(=O)OCCCCCCN(CCCCO)CCCCCCOC(=O)C(CCCCCC)CCCCCCCC,0,1
868,10.1016/j.jconrel.2025.01.071,CCCCCCCCC(CCCCCC)C(=O)OCCCCCCN(CCCCO)CCCCCCOC(=O)C(CCCCCC)CCCCCCCC,1,0
869,10.1016/j.jconrel.2025.01.071,CCCCCCCCC(CCCCCC)C(=O)OCCCCCCN(CCCCO)CCCCCCOC(=O)C(CCCCCC)CCCCCCCC,1,4
870,10.1016/j.jconrel.2025.01.071,CCCCCCCCC(CCCCCC)C(=O)OCCCCCCN(CCCCO)CCCCCCOC(=O)C(CCCCCC)CCCCCCCC,0,3
871,10.1016/j.jconrel.2025.01.071,CCCCCCCCC(CCCCCC)C(=O)OCCCCCCN(CCCCO)CCCCCCOC(=O)C(CCCCCC)CCCCCCCC,1,3
872,10.1016/j.jconrel.2025.01.071,CCCCCCCCC(CCCCCC)C(=O)OCCCCCCN(CCCCO)CCCCCCOC(=O)C(CCCCCC)CCCCCCCC,0,1
873,10.1016/j.jconrel.2025.01.071,CCCCCCCCC(CCCCCC)C(=O)OCCCCCCN(CCCCO)CCCCCCOC(=O)C(CCCCCC)CCCCCCCC,1,3
874,10.1016/j.jconrel.2025.01.071,CCCCCCCCC(CCCCCC)C(=O)OCCCCCCN(CCCCO)CCCCCCOC(=O)C(CCCCCC)CCCCCCCC,0,2
875,10.1101/2023.11.09.565872,CCCCCCCCCCCOC(=O)CCCCCN(CCO)CCCCCCCC(=O)OC(CCCCCCCC)CCCCCCCC,1,0
876,10.1101/2023.11.09.565872,CCCCCCCCC(CCCCCC)C(=O)OCCCCCCN(CCCCO)CCCCCCOC(=O)C(CCCCCC)CCCCCCCC,1,1
877,10.1101/2023.11.09.565872,structure_missing_lnp_877,1,0
878,10.1101/2023.11.09.565872,structure_missing_lnp_878,1,3
879,10.1101/2023.11.09.565872,structure_missing_lnp_879,1,2
880,10.1101/2023.11.09.565872,structure_missing_lnp_880,1,4
881,10.1101/2023.11.09.565872,structure_missing_lnp_881,1,4
882,10.1101/2023.11.09.565872,structure_missing_lnp_882,1,3
885,10.1021/acs.nanolett.1c01353,CCCCCCCCCCCCC(O)CN(CCN1CCN(CCN)C(CN(CC(O)CCCCCCCCCCCC)CN(CC(O)CCCCCCCCCCCC)CC(O)CCCCCCCCCCCC)C1)CC(O)CCCCCCCCCCCC,1,2
911,10.1101/2024.09.27.614859,CCCCCCCCCCCOC(=O)CCCCCN(CCO)CCCCCCCC(=O)OC(CCCCCCCC)CCCCCCCC,1,0
922,10.1073/pnas.2303567120,CCCCC/C=C\C/C=C\CCCCCCCCC(CCCCCCCC/C=C\C/C=C\CCCCC)OC(=O)CCCN(C)C,0,1
923,10.1073/pnas.2303567120,CCCCC/C=C\C/C=C\CCCCCCCCC(CCCCCCCC/C=C\C/C=C\CCCCC)OC(=O)CCCN(C)C,0,0
931,10.1073/pnas.2303567120,CCCCC/C=C\C/C=C\CCCCCCCCC(CCCCCCCC/C=C\C/C=C\CCCCC)OC(=O)CCCN(C)C,0,1
932,10.1248/cpb.c24-00089,CCCCCCCCCCC(CCCCCCCCC(=O)OCCC(CCCCC)CCCCC)COC(=O)C1CCN(C)CC1,1,2
938,10.1248/cpb.c24-00089,CCCCCCCCCCC(CCCCCCCCC(=O)OCCC(CCCCC)CCCCC)COC(=O)C1CCN(C)CC1,1,1
940,10.1248/cpb.c24-00089,CCCCCCCCCCC(CCCCCCCCC(=O)OCCC(CCCCC)CCCCC)COC(=O)C1CCN(C)CC1,0,4
941,10.1002/adma.201505822,structure_missing_lnp_941,1,0
942,10.1002/adma.201505822,CCCCCCCCC/C=C\CCCCCCCC(O)CN(CCCCC1NN(CC(O)CCCCCCC/C=C\CCCCCCCCC)C(=O)C(CCCCN(CC(O)CCCCCCC/C=C\CCCCCCCCC)CC(O)CCCCCCC/C=C\CCCCCCCCC)NC1=O)CC(O)CCCCCCC/C=C\CCCCCCCCC,1,0
943,10.1002/adma.201505822,CCCCCCCCC/C=C/CCCCCCCC(O)CN(CCCCC1NN(CC(O)CCCCCCC/C=C/CCCCCCCCC)C(=O)C(CCCCN(CC(O)CCCCCCC/C=C/CCCCCCCCC)CC(O)CCCCCCC/C=C/CCCCCCCCC)NC1=O)CC(O)CCCCCCC/C=C/CCCCCCCCC,1,0
944,10.1002/adma.201505822,CCCCC/C=C\C/C=C\CCCCCCC(O)CN(CCCCC1NC(=O)C(CCCCN(CC(O)CCCCCC/C=C\C/C=C\CCCCC)CC(O)CCCCCC/C=C\C/C=C\CCCCC)NC1=O)CC(O)CCCCCC/C=C\C/C=C\CCCCC,1,2
945,10.1002/adma.201505822,CCC/C=C\C/C=C\C/C=C\CCCCCCCC(O)CN(CCCCC1NN(CC(O)CCCCCCC/C=C\C/C=C\C/C=C\CCC)C(=O)C(CCCCN(CC(O)CCCCCCC/C=C\C/C=C\C/C=C\CCC)CC(O)CCCCCCC/C=C\C/C=C\C/C=C\CCC)NC1=O)CC(O)CCCCCCC/C=C\C/C=C\C/C=C\CCC,1,0
946,10.1038/s41467-020-16248-y,structure_missing_lnp_946,1,4
947,10.1038/s41467-020-16248-y,structure_missing_lnp_947,1,4
948,10.1038/s41467-020-16248-y,structure_missing_lnp_948,1,3
949,10.1038/s41587-019-0247-3,CCCCCCCC/C=C\CCCCCCCC1(CCCCCCC/C=C\CCCCCCCC)C=NC(C(=O)OCC)N1CCCN1CCCC1,1,4
950,10.1038/s41587-019-0247-3,CCCCCCCC/C=C\CCCCCCCC1(CCCCCCC/C=C\CCCCCCCC)C=NC(C(=O)OCC)N1CCCN(C)C,1,3
951,10.1038/s41587-019-0247-3,CCCCCCCCC=CCCCCCCCCC1(CCCCCCCCC=CCCCCCCCC)CN(CCCN2CCCCC2)C(C(=O)OCC)=N1,1,3
952,10.1038/s41587-019-0247-3,CCCCCCCCC=CCCCCCCCCC1(CCCCCCCCC=CCCCCCCCC)CN(CCCN2CC(C)CCC2CC)C(C(=O)OCC)=N1,1,3
953,10.1038/s41587-019-0247-3,CCCCCCCC/C=C\CCCCCCCC1(CCCCCCC/C=C\CCCCCCCC)C=NC(C(=O)OCC)N1CCCN1CCCCC1CC,1,4
954,10.1038/s41587-019-0247-3,CCCCCCCCC=CCCCCCCCCC1(CCCCCCCCC=CCCCCCCCC)CN(CCCN2CCCCCC2)C(C(=O)OCC)=N1,1,3
955,10.1038/s41587-019-0247-3,CCCCCCCCC=CCCCCCCCCC1(CCCCCCCCC=CCCCCCCCC)CN(CCCN(CC)CC)C(C(=O)OCC)=N1,1,4
956,10.1038/s41587-019-0247-3,CCCCCCCCC=CCCCCCCCCC1(CCCCCCCCC=CCCCCCCCC)CN(CCCN(CCCC)CCCC)C(C(=O)OCC)=N1,1,4
957,10.1038/s41587-019-0247-3,CCCCCCCCC=CCCCCCCCCC1(CCCCCCCCC=CCCCCCCCC)CN(CCCN(CCC)CCC)C(C(=O)OCC)=N1,1,4
958,10.1038/s41587-019-0247-3,CCCCC/C=C\C/C=C\CCCCCCCCC(CCCCCCCC/C=C\C/C=C\CCCCC)OC(=O)CCCN(C)C,0,0
959,10.1038/s41587-019-0247-3,CCCCCCCC/C=C\CCCCCCCC1(CCCCCCC/C=C\CCCCCCCC)C=NC(C(=O)OCC)N1CCCN1CCCC1,1,3
960,10.1038/s41587-019-0247-3,CCCCCCCC/C=C\CCCCCCCC1(CCCCCCC/C=C\CCCCCCCC)C=NC(C(=O)OCC)N1CCCN1CCCC1,1,2
961,10.1038/s41587-019-0247-3,CCCCCCCC/C=C\CCCCCCCC1(CCCCCCC/C=C\CCCCCCCC)C=NC(C(=O)OCC)N1CCCN1CCCC1,1,0
962,10.1038/s41587-019-0247-3,CCCCCCCC/C=C\CCCCCCCC1(CCCCCCC/C=C\CCCCCCCC)C=NC(C(=O)OCC)N1CCCN1CCCC1,1,3
963,10.1038/s41587-019-0247-3,CCCCCCCC/C=C\CCCCCCCC1(CCCCCCC/C=C\CCCCCCCC)C=NC(C(=O)OCC)N1CCCN1CCCC1,1,2
964,10.1038/s41587-019-0247-3,CCCCCCCC/C=C\CCCCCCCC1(CCCCCCC/C=C\CCCCCCCC)C=NC(C(=O)OCC)N1CCCN1CCCC1,1,3
965,10.1038/s41587-019-0247-3,CCCCCCCC/C=C\CCCCCCCC1(CCCCCCC/C=C\CCCCCCCC)C=NC(C(=O)OCC)N1CCCN1CCCC1,1,1
966,10.1038/s41587-019-0247-3,CCCCCCCC/C=C\CCCCCCCC1(CCCCCCC/C=C\CCCCCCCC)C=NC(C(=O)OCC)N1CCCN1CCCC1,1,0
967,10.1038/s41587-019-0247-3,CCCCCCCC/C=C\CCCCCCCC1(CCCCCCC/C=C\CCCCCCCC)C=NC(C(=O)OCC)N1CCCN1CCCC1,1,0
968,10.1038/s41587-019-0247-3,CCCCCCCC/C=C\CCCCCCCC1(CCCCCCC/C=C\CCCCCCCC)C=NC(C(=O)OCC)N1CCCN1CCCC1,1,0
969,10.1038/s41587-019-0247-3,CCCCCCCC/C=C\CCCCCCCC1(CCCCCCC/C=C\CCCCCCCC)C=NC(C(=O)OCC)N1CCCN1CCCC1,1,1
970,10.1038/s41587-019-0247-3,CCCCCCCC/C=C\CCCCCCCC1(CCCCCCC/C=C\CCCCCCCC)C=NC(C(=O)OCC)N1CCCN1CCCC1,1,3
971,10.1038/s41587-019-0247-3,CCCCCCCC/C=C\CCCCCCCC1(CCCCCCC/C=C\CCCCCCCC)C=NC(C(=O)OCC)N1CCCN1CCCC1,1,0
972,10.1038/s41587-019-0247-3,CCCCCCCC/C=C\CCCCCCCC1(CCCCCCC/C=C\CCCCCCCC)C=NC(C(=O)OCC)N1CCCN1CCCC1,1,3
973,10.1038/s41587-019-0247-3,CCCCCCCC/C=C\CCCCCCCC1(CCCCCCC/C=C\CCCCCCCC)C=NC(C(=O)OCC)N1CCCN1CCCC1,1,1
974,10.1038/s41587-019-0247-3,CCCCCCCC/C=C\CCCCCCCC1(CCCCCCC/C=C\CCCCCCCC)C=NC(C(=O)OCC)N1CCCN1CCCC1,1,0
975,10.1038/s41587-019-0247-3,CCCCCCCC/C=C\CCCCCCCC1(CCCCCCC/C=C\CCCCCCCC)C=NC(C(=O)OCC)N1CCCN1CCCC1,1,3
976,10.1038/s41587-019-0247-3,CCCCCCCC/C=C\CCCCCCCC1(CCCCCCC/C=C\CCCCCCCC)C=NC(C(=O)OCC)N1CCCN1CCCC1,1,3
977,10.1038/s41587-019-0247-3,CCCCCCCC/C=C\CCCCCCCC1(CCCCCCC/C=C\CCCCCCCC)C=NC(C(=O)OCC)N1CCCN1CCCC1,1,0
978,10.1038/s41587-019-0247-3,CCCCCCCC/C=C\CCCCCCCC1(CCCCCCC/C=C\CCCCCCCC)C=NC(C(=O)OCC)N1CCCN1CCCC1,1,1
979,10.1038/s41587-019-0247-3,CCCCCCCC/C=C\CCCCCCCC1(CCCCCCC/C=C\CCCCCCCC)C=NC(C(=O)OCC)N1CCCN1CCCC1,1,4
980,10.1038/s41587-019-0247-3,CCCCCCCC/C=C\CCCCCCCC1(CCCCCCC/C=C\CCCCCCCC)C=NC(C(=O)OCC)N1CCCN1CCCC1,1,2
981,10.1038/s41587-019-0247-3,CCCCCCCC/C=C\CCCCCCCC1(CCCCCCC/C=C\CCCCCCCC)C=NC(C(=O)OCC)N1CCCN1CCCC1,1,4
982,10.1038/s41587-019-0247-3,CCCCCCCC/C=C\CCCCCCCC1(CCCCCCC/C=C\CCCCCCCC)C=NC(C(=O)OCC)N1CCCN1CCCC1,1,2
983,10.1038/s41587-019-0247-3,CCCCCCCC/C=C\CCCCCCCC1(CCCCCCC/C=C\CCCCCCCC)C=NC(C(=O)OCC)N1CCCN1CCCC1,1,4
984,10.1038/s41587-019-0247-3,CCCCCCCC/C=C\CCCCCCCC1(CCCCCCC/C=C\CCCCCCCC)C=NC(C(=O)OCC)N1CCCN1CCCC1,1,3
985,10.1038/s41587-019-0247-3,CCCCCCCC/C=C\CCCCCCCC1(CCCCCCC/C=C\CCCCCCCC)C=NC(C(=O)OCC)N1CCCN1CCCC1,1,0
986,10.1038/s41587-019-0247-3,CCCCCCCC/C=C\CCCCCCCC1(CCCCCCC/C=C\CCCCCCCC)C=NC(C(=O)OCC)N1CCCN1CCCC1,1,0
987,10.1038/s41587-019-0247-3,CCCCCCCC/C=C\CCCCCCCC1(CCCCCCC/C=C\CCCCCCCC)C=NC(C(=O)OCC)N1CCCN1CCCC1,1,2
988,10.1038/s41587-019-0247-3,CCCCCCCC/C=C\CCCCCCCC1(CCCCCCC/C=C\CCCCCCCC)C=NC(C(=O)OCC)N1CCCN1CCCC1,1,2
989,10.1038/s41587-019-0247-3,CCCCCCCC/C=C\CCCCCCCC1(CCCCCCC/C=C\CCCCCCCC)C=NC(C(=O)OCC)N1CCCN1CCCC1,1,4
990,10.1038/s41587-019-0247-3,CCCCCCCC/C=C\CCCCCCCC1(CCCCCCC/C=C\CCCCCCCC)C=NC(C(=O)OCC)N1CCCN1CCCC1,1,2
991,10.1038/s41587-019-0247-3,CCCCCCCC/C=C\CCCCCCCC1(CCCCCCC/C=C\CCCCCCCC)C=NC(C(=O)OCC)N1CCCN1CCCC1,1,2
992,10.1038/s41587-019-0247-3,CCCCCCCC/C=C\CCCCCCCC1(CCCCCCC/C=C\CCCCCCCC)C=NC(C(=O)OCC)N1CCCN1CCCC1,1,0
995,10.1073/pnas.0910603106,CCCCCCCCCCCCC(O)CN(CCN1CCN(CCN)C(CN(CC(O)CCCCCCCCCCCC)CN(CC(O)CCCCCCCCCCCC)CC(O)CCCCCCCCCCCC)C1)CC(O)CCCCCCCCCCCC,1,0
997,10.1073/pnas.0910603106,CCCCCCCCCCCCC(O)CN(CCN1CCN(CCN)C(CN(CC(O)CCCCCCCCCCCC)CN(CC(O)CCCCCCCCCCCC)CC(O)CCCCCCCCCCCC)C1)CC(O)CCCCCCCCCCCC,1,3
1005,10.1002/smll.201805097,CCCCCCOC(=O)CCN(CCCN(C)CCCN(CCC(=O)OCCCCCC)CCC(=O)OCCCCCC)CCC(=O)OCCCCCC,0,3
1006,10.1002/smll.201805097,CCCCCCCCOC(=O)CCN(CCCN(N)CCCN(CCC(=O)OCCCCCCCC)CCC(=O)OCCCCCCCC)CCC(=O)OCCCCCCCC,1,3
1007,10.1002/smll.201805097,CCCCCCCCCOC(=O)CCN(CCCN(C)CCCN(CCC(=O)OCCCCCCCCC)CCC(=O)OCCCCCCCCC)CCC(=O)OCCCCCCCCC,1,0
1008,10.1002/smll.201805097,CCCCCCCCC(C)COC(=O)CCN(CCCN(C)CCCN(CCC(=O)OCC(C)CCCCCCCC)CCC(=O)OCC(C)CCCCCCCC)CCC(=O)OCC(C)CCCCCCC,1,4
1009,10.1002/smll.201805097,CCCCCCCCCCOC(=O)CCN(CCCN(C)CCCN(CCC(=O)OCCCCCCCCCC)CCC(=O)OCCCCCCCCCC)CCC(=O)OCCCCCCCCCC,1,2
1010,10.1002/smll.201805097,CCCCCCCCCCCOC(=O)CCN(CCCN(C)CCCN(CCC(=O)OCCCCCCCCCCC)CCC(=O)OCCCCCCCCCCC)CCC(=O)OCCCCCCCCCCC,1,4
1011,10.1002/smll.201805097,CCCCCCCCCCCCOC(=O)CCN(CCCN(C)CCCN(CCC(=O)OCCCCCCCCCCCC)CCC(=O)OCCCCCCCCCCCC)CCC(=O)OCCCCCCCCCCC,1,2
1012,10.1002/smll.201805097,CCCCCCCCCCCCCOC(=O)CCN(CCCN(C)CCCN(CCC(=O)OCCCCCCCCCCCCC)CCC(=O)OCCCCCCCCCCCCC)CCC(=O)OCCCCCCCCCCCCC,1,4
1013,10.1002/smll.201805097,CCCCCCCCCCCCCCOC(=O)CCN(CCCN(C)CCCN(CCC(=O)OCCCCCCCCCCCCCC)CCC(=O)OCCCCCCCCCCCCCC)CCC(=O)OCCCCCCCCCCCCCC,1,3
1014,10.1002/smll.201805097,CCCCCCCCCCCCCCCCOC(=O)CCN(CCCN(C)CCCN(CCC(=O)OCCCCCCCCCCCCCCCC)CCC(=O)OCCCCCCCCCCCCCCCC)CCC(=O)OCCCCCCCCCCCCCCCC,1,4
1015,10.1002/smll.201805097,CCCCCCCCCCCCCCCCCCOC(=O)CCN(CCCN(C)CCCN(CCC(=O)OCCCCCCCCCCCCCCCCCC)CCC(=O)OCCCCCCCCCCCCCCCCCC)CCC(=O)OCCCCCCCCCCCCCCCCCC,1,2
1017,10.1016/j.bbamem.2005.02.001,CCCCCCCC/C=C\CCCCCCCC[N+](C)(C)CCCCCCCC/C=C\CCCCCCCC.[Cl-],1,1
1019,10.1016/j.bbamem.2005.02.001,CCCCCCCC/C=C\CCCCCCCC[N+](C)(C)CCCCCCCC/C=C\CCCCCCCC.[Cl-],1,2
1021,10.1073/pnas.1209367109,CCCCC/C=C\C/C=C\CCCCCCCCOCC(CN(C)C)OCCCCCCCC/C=C\C/C=C\CCCCC,0,0
1023,10.1073/pnas.1209367109,CCCCC/C=C\C/C=C\CCCCCCCCOCC(CN(C)C)OCCCCCCCC/C=C\C/C=C\CCCCC,1,1
1025,10.1073/pnas.1209367109,CCCCC/C=C\C/C=C\CCCCCCCCOCC(CN(C)C)OCCCCCCCC/C=C\C/C=C\CCCCC,1,1
1029,10.1038/s41551-021-00786-x,CCCCCCCCCCCCC(O)CNCCNCCN(CCNCCN(CCN)CCNCC(O)CCCCCCCCCCCC)CCN(CCNCCN)CCN(CCN)CCNCC(O)CCCCCCCCCCCC,1,3
1031,10.1038/s41551-021-00786-x,CCCCCCCCCCCCC(O)CNCCNCCN(CCNCCN(CCN)CCNCC(O)CCCCCCCCCCCC)CCN(CCNCCN)CCN(CCN)CCNCC(O)CCCCCCCCCCCC,1,1
1032,10.1038/s41551-021-00786-x,CCCCCCCCCCCCC(O)CNCCNCCN(CCNCCN(CCN)CCNCC(O)CCCCCCCCCCCC)CCN(CCNCCN)CCN(CCN)CCNCC(O)CCCCCCCCCCCC,1,4
1033,10.1038/s41551-021-00786-x,CCCCCCCCCCCCC(O)CNCCNCCN(CCNCCN(CCN)CCNCC(O)CCCCCCCCCCCC)CCN(CCNCCN)CCN(CCN)CCNCC(O)CCCCCCCCCCCC,1,0
1034,10.1038/s41551-021-00786-x,CCCCCCCCCCCCC(O)CNCCNCCN(CCNCCN(CCN)CCNCC(O)CCCCCCCCCCCC)CCN(CCNCCN)CCN(CCN)CCNCC(O)CCCCCCCCCCCC,1,2
1089,10.1021/acs.nanolett.0c01386,CCCCC/C=C\C/C=C\CCCCCCCCC(CCCCCCCC/C=C\C/C=C\CCCCC)OC(=O)CCCN(C)C,1,1
1090,10.1021/acs.nanolett.0c01386,CCCCC/C=C\C/C=C\CCCCCCCCC(CCCCCCCC/C=C\C/C=C\CCCCC)OC(=O)CCCN(C)C,1,1
1091,10.1021/acs.nanolett.0c01386,CCCCC/C=C\C/C=C\CCCCCCCCC(CCCCCCCC/C=C\C/C=C\CCCCC)OC(=O)CCCN(C)C,1,4
1092,10.1021/acs.nanolett.0c01386,CCCCC/C=C\C/C=C\CCCCCCCCC(CCCCCCCC/C=C\C/C=C\CCCCC)OC(=O)CCCN(C)C,1,1
