column,dtype,nonmissing,missing,unique_values,role
analysis_row_id,int64,13,0,13,metadata
lnp_id,int64,13,0,13,metadata
transfection_active,int64,13,0,2,target
transfection_label_source,object,13,0,1,requires_leakage_review
paper_doi,object,13,0,7,metadata
paper_year,float64,13,0,4,numeric_baseline_candidate
ionizable_lipid,object,13,0,2,categorical_baseline_candidate
peg_lipid,object,13,0,2,categorical_baseline_candidate
sterol_lipid,object,13,0,1,constant_in_exact_subset
helper_lipid,object,13,0,2,categorical_baseline_candidate
ionizable_lipid_mol_percent_final,float64,13,0,4,numeric_baseline_candidate
peg_lipid_mol_percent_final,float64,13,0,5,numeric_baseline_candidate
sterol_lipid_mol_percent_final,float64,13,0,5,numeric_baseline_candidate
helper_lipid_mol_percent_final,float64,13,0,5,numeric_baseline_candidate
mixing_method,object,12,1,3,categorical_baseline_candidate
solvent,object,12,1,1,constant_in_exact_subset
buffer,object,12,1,3,categorical_baseline_candidate
buffer_ph,float64,9,4,2,numeric_baseline_candidate
particle_size_nm_std,float64,7,6,7,numeric_baseline_candidate
pdi_std,float64,6,7,6,numeric_baseline_candidate
zeta_potential_mv_std,float64,6,7,6,numeric_baseline_candidate
encapsulation_efficiency_percent_std,float64,7,6,7,numeric_baseline_candidate
loading_capacity_std,object,12,1,7,categorical_baseline_candidate
bio_administration_route,object,9,4,4,categorical_baseline_candidate
target_type,object,13,0,2,requires_leakage_review
ionizable_lipid_canonical_smiles,object,13,0,2,categorical_baseline_candidate
rdkit_mol_wt,float64,13,0,2,numeric_baseline_candidate
rdkit_exact_mol_wt,float64,13,0,2,numeric_baseline_candidate
rdkit_logp,float64,13,0,2,numeric_baseline_candidate
rdkit_tpsa,float64,13,0,2,numeric_baseline_candidate
rdkit_hbd,float64,13,0,2,numeric_baseline_candidate
rdkit_hba,float64,13,0,2,numeric_baseline_candidate
rdkit_rotatable_bonds,float64,13,0,2,numeric_baseline_candidate
rdkit_heavy_atom_count,float64,13,0,2,numeric_baseline_candidate
rdkit_num_rings,float64,13,0,1,constant_in_exact_subset
rdkit_num_aliphatic_rings,float64,13,0,1,constant_in_exact_subset
rdkit_num_aromatic_rings,float64,13,0,1,constant_in_exact_subset
rdkit_fraction_csp3,float64,13,0,2,numeric_baseline_candidate
rdkit_formal_charge,float64,13,0,1,constant_in_exact_subset
rdkit_qed,float64,13,0,2,numeric_baseline_candidate
rdkit_3d_radius_gyration,float64,13,0,2,numeric_baseline_candidate
rdkit_3d_asphericity,float64,13,0,2,numeric_baseline_candidate
rdkit_3d_eccentricity,float64,13,0,2,numeric_baseline_candidate
rdkit_3d_inertial_shape_factor,float64,13,0,2,numeric_baseline_candidate
rdkit_3d_npr1,float64,13,0,2,numeric_baseline_candidate
rdkit_3d_npr2,float64,13,0,2,numeric_baseline_candidate
rdkit_3d_pmi1,float64,13,0,2,numeric_baseline_candidate
rdkit_3d_pmi2,float64,13,0,2,numeric_baseline_candidate
rdkit_3d_pmi3,float64,13,0,2,numeric_baseline_candidate
rdkit_3d_spherocity_index,float64,13,0,2,numeric_baseline_candidate
rdkit_3d_mol_volume,float64,13,0,2,numeric_baseline_candidate
rdkit_3d_energy,float64,13,0,2,numeric_baseline_candidate
rdkit_3d_num_atoms_with_H,float64,13,0,2,numeric_baseline_candidate
atom_count_C,float64,13,0,2,numeric_baseline_candidate
atom_count_H,float64,13,0,2,numeric_baseline_candidate
atom_count_N,float64,13,0,1,constant_in_exact_subset
atom_count_O,float64,13,0,2,numeric_baseline_candidate
atom_count_P,float64,13,0,1,constant_in_exact_subset
atom_count_S,float64,13,0,1,constant_in_exact_subset
atom_count_F,float64,13,0,1,constant_in_exact_subset
atom_count_Cl,float64,13,0,1,constant_in_exact_subset
atom_count_Br,float64,13,0,1,constant_in_exact_subset
ester_count,float64,13,0,2,numeric_baseline_candidate
amide_count,float64,13,0,1,constant_in_exact_subset
tertiary_amine_count,float64,13,0,1,constant_in_exact_subset
secondary_amine_count,float64,13,0,1,constant_in_exact_subset
primary_amine_count,float64,13,0,1,constant_in_exact_subset
hydroxyl_count,float64,13,0,2,numeric_baseline_candidate
ether_count,float64,13,0,2,numeric_baseline_candidate
halogen_count,float64,13,0,1,constant_in_exact_subset
phosphate_count,float64,13,0,1,constant_in_exact_subset
has_amine,float64,13,0,1,constant_in_exact_subset
has_ester,float64,13,0,1,constant_in_exact_subset
tail_longest_carbon_chain_len,float64,13,0,2,numeric_baseline_candidate
tail_total_aliphatic_carbons,float64,13,0,2,numeric_baseline_candidate
tail_terminal_carbon_count,float64,13,0,2,numeric_baseline_candidate
tail_branching_carbon_count,float64,13,0,1,constant_in_exact_subset
tail_unsaturation_cc_double_bond_count,float64,13,0,2,numeric_baseline_candidate
tail_aromatic_carbon_count,float64,13,0,1,constant_in_exact_subset
tail_branching_index,float64,13,0,1,constant_in_exact_subset
tail_unsaturation_index,float64,13,0,2,numeric_baseline_candidate
cargo_sequence_type,object,13,0,1,constant_in_exact_subset
cargo_transcript_length_nt,float64,9,4,2,numeric_baseline_candidate
cargo_CDS length_nt,float64,13,0,3,numeric_baseline_candidate
cargo_gc_content,float64,13,0,3,numeric_baseline_candidate
cargo_a_fraction,float64,13,0,3,numeric_baseline_candidate
cargo_u_fraction,float64,13,0,3,numeric_baseline_candidate
cargo_g_fraction,float64,13,0,3,numeric_baseline_candidate
cargo_c_fraction,float64,13,0,3,numeric_baseline_candidate
cargo_molecular_weight_approx_da,float64,13,0,3,numeric_baseline_candidate
cargo_length_nt_calculated,float64,13,0,3,numeric_baseline_candidate
cargo_cargo_is_mrna,int64,13,0,1,constant_in_exact_subset
cargo_cargo_is_aso,int64,13,0,1,constant_in_exact_subset
cargo_cargo_is_barcode,int64,13,0,1,constant_in_exact_subset
cargo_cargo_is_pdna,int64,13,0,1,constant_in_exact_subset
morgan_r2_2048_bit_1,float64,13,0,1,constant_in_exact_subset
morgan_r2_2048_bit_2,float64,13,0,1,constant_in_exact_subset
morgan_r2_2048_bit_3,float64,13,0,1,constant_in_exact_subset
morgan_r2_2048_bit_5,float64,13,0,1,constant_in_exact_subset
morgan_r2_2048_bit_8,float64,13,0,1,constant_in_exact_subset
morgan_r2_2048_bit_11,float64,13,0,1,constant_in_exact_subset
morgan_r2_2048_bit_13,float64,13,0,2,numeric_baseline_candidate
morgan_r2_2048_bit_14,float64,13,0,1,constant_in_exact_subset
morgan_r2_2048_bit_15,float64,13,0,1,constant_in_exact_subset
morgan_r2_2048_bit_21,float64,13,0,1,constant_in_exact_subset
morgan_r2_2048_bit_22,float64,13,0,1,constant_in_exact_subset
morgan_r2_2048_bit_26,float64,13,0,1,constant_in_exact_subset
morgan_r2_2048_bit_27,float64,13,0,1,constant_in_exact_subset
morgan_r2_2048_bit_28,float64,13,0,2,numeric_baseline_candidate
morgan_r2_2048_bit_29,float64,13,0,1,constant_in_exact_subset
morgan_r2_2048_bit_31,float64,13,0,1,constant_in_exact_subset
morgan_r2_2048_bit_32,float64,13,0,1,constant_in_exact_subset
morgan_r2_2048_bit_33,float64,13,0,1,constant_in_exact_subset
morgan_r2_2048_bit_38,float64,13,0,1,constant_in_exact_subset
morgan_r2_2048_bit_39,float64,13,0,1,constant_in_exact_subset
morgan_r2_2048_bit_41,float64,13,0,1,constant_in_exact_subset
morgan_r2_2048_bit_48,float64,13,0,1,constant_in_exact_subset
morgan_r2_2048_bit_59,float64,13,0,1,constant_in_exact_subset
morgan_r2_2048_bit_66,float64,13,0,1,constant_in_exact_subset
morgan_r2_2048_bit_69,float64,13,0,1,constant_in_exact_subset
morgan_r2_2048_bit_72,float64,13,0,1,constant_in_exact_subset
morgan_r2_2048_bit_73,float64,13,0,1,constant_in_exact_subset
morgan_r2_2048_bit_74,float64,13,0,1,constant_in_exact_subset
morgan_r2_2048_bit_80,float64,13,0,1,constant_in_exact_subset
morgan_r2_2048_bit_81,float64,13,0,1,constant_in_exact_subset
morgan_r2_2048_bit_87,float64,13,0,1,constant_in_exact_subset
morgan_r2_2048_bit_90,float64,13,0,1,constant_in_exact_subset
morgan_r2_2048_bit_97,float64,13,0,1,constant_in_exact_subset
morgan_r2_2048_bit_99,float64,13,0,1,constant_in_exact_subset
morgan_r2_2048_bit_104,float64,13,0,1,constant_in_exact_subset
morgan_r2_2048_bit_110,float64,13,0,1,constant_in_exact_subset
morgan_r2_2048_bit_114,float64,13,0,1,constant_in_exact_subset
morgan_r2_2048_bit_115,float64,13,0,1,constant_in_exact_subset
morgan_r2_2048_bit_116,float64,13,0,1,constant_in_exact_subset
morgan_r2_2048_bit_117,float64,13,0,1,constant_in_exact_subset
morgan_r2_2048_bit_118,float64,13,0,1,constant_in_exact_subset
morgan_r2_2048_bit_120,float64,13,0,1,constant_in_exact_subset
morgan_r2_2048_bit_125,float64,13,0,1,constant_in_exact_subset
morgan_r2_2048_bit_139,float64,13,0,1,constant_in_exact_subset
morgan_r2_2048_bit_140,float64,13,0,1,constant_in_exact_subset
morgan_r2_2048_bit_145,float64,13,0,1,constant_in_exact_subset
morgan_r2_2048_bit_147,float64,13,0,2,numeric_baseline_candidate
morgan_r2_2048_bit_150,float64,13,0,1,constant_in_exact_subset
morgan_r2_2048_bit_151,float64,13,0,1,constant_in_exact_subset
morgan_r2_2048_bit_157,float64,13,0,1,constant_in_exact_subset
morgan_r2_2048_bit_166,float64,13,0,1,constant_in_exact_subset
morgan_r2_2048_bit_169,float64,13,0,1,constant_in_exact_subset
morgan_r2_2048_bit_172,float64,13,0,1,constant_in_exact_subset
morgan_r2_2048_bit_173,float64,13,0,1,constant_in_exact_subset
morgan_r2_2048_bit_174,float64,13,0,1,constant_in_exact_subset
morgan_r2_2048_bit_175,float64,13,0,1,constant_in_exact_subset
morgan_r2_2048_bit_177,float64,13,0,1,constant_in_exact_subset
morgan_r2_2048_bit_184,float64,13,0,1,constant_in_exact_subset
morgan_r2_2048_bit_185,float64,13,0,1,constant_in_exact_subset
morgan_r2_2048_bit_190,float64,13,0,1,constant_in_exact_subset
morgan_r2_2048_bit_191,float64,13,0,1,constant_in_exact_subset
morgan_r2_2048_bit_192,float64,13,0,1,constant_in_exact_subset
morgan_r2_2048_bit_193,float64,13,0,1,constant_in_exact_subset
morgan_r2_2048_bit_196,float64,13,0,1,constant_in_exact_subset
morgan_r2_2048_bit_197,float64,13,0,1,constant_in_exact_subset
morgan_r2_2048_bit_198,float64,13,0,1,constant_in_exact_subset
morgan_r2_2048_bit_201,float64,13,0,1,constant_in_exact_subset
morgan_r2_2048_bit_202,float64,13,0,1,constant_in_exact_subset
morgan_r2_2048_bit_205,float64,13,0,1,constant_in_exact_subset
morgan_r2_2048_bit_207,float64,13,0,1,constant_in_exact_subset
morgan_r2_2048_bit_210,float64,13,0,1,constant_in_exact_subset
morgan_r2_2048_bit_216,float64,13,0,1,constant_in_exact_subset
morgan_r2_2048_bit_221,float64,13,0,1,constant_in_exact_subset
morgan_r2_2048_bit_222,float64,13,0,2,numeric_baseline_candidate
morgan_r2_2048_bit_225,float64,13,0,1,constant_in_exact_subset
morgan_r2_2048_bit_227,float64,13,0,1,constant_in_exact_subset
morgan_r2_2048_bit_229,float64,13,0,1,constant_in_exact_subset
morgan_r2_2048_bit_231,float64,13,0,1,constant_in_exact_subset
morgan_r2_2048_bit_237,float64,13,0,1,constant_in_exact_subset
morgan_r2_2048_bit_245,float64,13,0,1,constant_in_exact_subset
morgan_r2_2048_bit_246,float64,13,0,1,constant_in_exact_subset
morgan_r2_2048_bit_251,float64,13,0,2,numeric_baseline_candidate
morgan_r2_2048_bit_255,float64,13,0,1,constant_in_exact_subset
morgan_r2_2048_bit_261,float64,13,0,1,constant_in_exact_subset
morgan_r2_2048_bit_264,float64,13,0,1,constant_in_exact_subset
morgan_r2_2048_bit_275,float64,13,0,1,constant_in_exact_subset
morgan_r2_2048_bit_278,float64,13,0,1,constant_in_exact_subset
morgan_r2_2048_bit_281,float64,13,0,1,constant_in_exact_subset
morgan_r2_2048_bit_283,float64,13,0,1,constant_in_exact_subset
morgan_r2_2048_bit_306,float64,13,0,1,constant_in_exact_subset
morgan_r2_2048_bit_307,float64,13,0,1,constant_in_exact_subset
morgan_r2_2048_bit_313,float64,13,0,1,constant_in_exact_subset
morgan_r2_2048_bit_314,float64,13,0,1,constant_in_exact_subset
morgan_r2_2048_bit_316,float64,13,0,1,constant_in_exact_subset
morgan_r2_2048_bit_319,float64,13,0,1,constant_in_exact_subset
morgan_r2_2048_bit_322,float64,13,0,1,constant_in_exact_subset
morgan_r2_2048_bit_323,float64,13,0,1,constant_in_exact_subset
morgan_r2_2048_bit_334,float64,13,0,1,constant_in_exact_subset
morgan_r2_2048_bit_339,float64,13,0,1,constant_in_exact_subset
morgan_r2_2048_bit_345,float64,13,0,1,constant_in_exact_subset
morgan_r2_2048_bit_348,float64,13,0,1,constant_in_exact_subset
morgan_r2_2048_bit_350,float64,13,0,1,constant_in_exact_subset
morgan_r2_2048_bit_355,float64,13,0,1,constant_in_exact_subset
morgan_r2_2048_bit_357,float64,13,0,1,constant_in_exact_subset
morgan_r2_2048_bit_363,float64,13,0,1,constant_in_exact_subset
morgan_r2_2048_bit_364,float64,13,0,1,constant_in_exact_subset
morgan_r2_2048_bit_375,float64,13,0,1,constant_in_exact_subset
morgan_r2_2048_bit_378,float64,13,0,1,constant_in_exact_subset
morgan_r2_2048_bit_380,float64,13,0,1,constant_in_exact_subset
morgan_r2_2048_bit_381,float64,13,0,1,constant_in_exact_subset
morgan_r2_2048_bit_382,float64,13,0,1,constant_in_exact_subset
morgan_r2_2048_bit_383,float64,13,0,1,constant_in_exact_subset
morgan_r2_2048_bit_384,float64,13,0,1,constant_in_exact_subset
morgan_r2_2048_bit_385,float64,13,0,1,constant_in_exact_subset
morgan_r2_2048_bit_389,float64,13,0,1,constant_in_exact_subset
morgan_r2_2048_bit_392,float64,13,0,1,constant_in_exact_subset
morgan_r2_2048_bit_396,float64,13,0,1,constant_in_exact_subset
morgan_r2_2048_bit_397,float64,13,0,1,constant_in_exact_subset
morgan_r2_2048_bit_399,float64,13,0,1,constant_in_exact_subset
morgan_r2_2048_bit_401,float64,13,0,2,numeric_baseline_candidate
morgan_r2_2048_bit_409,float64,13,0,1,constant_in_exact_subset
morgan_r2_2048_bit_411,float64,13,0,1,constant_in_exact_subset
morgan_r2_2048_bit_414,float64,13,0,1,constant_in_exact_subset
morgan_r2_2048_bit_419,float64,13,0,1,constant_in_exact_subset
morgan_r2_2048_bit_424,float64,13,0,1,constant_in_exact_subset
morgan_r2_2048_bit_425,float64,13,0,1,constant_in_exact_subset
morgan_r2_2048_bit_430,float64,13,0,1,constant_in_exact_subset
morgan_r2_2048_bit_432,float64,13,0,1,constant_in_exact_subset
morgan_r2_2048_bit_446,float64,13,0,1,constant_in_exact_subset
morgan_r2_2048_bit_448,float64,13,0,1,constant_in_exact_subset
morgan_r2_2048_bit_459,float64,13,0,1,constant_in_exact_subset
morgan_r2_2048_bit_465,float64,13,0,1,constant_in_exact_subset
morgan_r2_2048_bit_472,float64,13,0,1,constant_in_exact_subset
morgan_r2_2048_bit_473,float64,13,0,2,numeric_baseline_candidate
morgan_r2_2048_bit_478,float64,13,0,1,constant_in_exact_subset
morgan_r2_2048_bit_484,float64,13,0,1,constant_in_exact_subset
morgan_r2_2048_bit_485,float64,13,0,1,constant_in_exact_subset
morgan_r2_2048_bit_486,float64,13,0,1,constant_in_exact_subset
morgan_r2_2048_bit_487,float64,13,0,1,constant_in_exact_subset
morgan_r2_2048_bit_507,float64,13,0,1,constant_in_exact_subset
morgan_r2_2048_bit_509,float64,13,0,1,constant_in_exact_subset
morgan_r2_2048_bit_518,float64,13,0,1,constant_in_exact_subset
morgan_r2_2048_bit_519,float64,13,0,1,constant_in_exact_subset
morgan_r2_2048_bit_523,float64,13,0,1,constant_in_exact_subset
morgan_r2_2048_bit_534,float64,13,0,1,constant_in_exact_subset
morgan_r2_2048_bit_541,float64,13,0,1,constant_in_exact_subset
morgan_r2_2048_bit_556,float64,13,0,1,constant_in_exact_subset
morgan_r2_2048_bit_567,float64,13,0,1,constant_in_exact_subset
morgan_r2_2048_bit_573,float64,13,0,1,constant_in_exact_subset
morgan_r2_2048_bit_577,float64,13,0,1,constant_in_exact_subset
morgan_r2_2048_bit_587,float64,13,0,1,constant_in_exact_subset
morgan_r2_2048_bit_591,float64,13,0,1,constant_in_exact_subset
morgan_r2_2048_bit_592,float64,13,0,1,constant_in_exact_subset
morgan_r2_2048_bit_599,float64,13,0,1,constant_in_exact_subset
morgan_r2_2048_bit_606,float64,13,0,1,constant_in_exact_subset
morgan_r2_2048_bit_619,float64,13,0,1,constant_in_exact_subset
morgan_r2_2048_bit_620,float64,13,0,1,constant_in_exact_subset
morgan_r2_2048_bit_624,float64,13,0,1,constant_in_exact_subset
morgan_r2_2048_bit_628,float64,13,0,1,constant_in_exact_subset
morgan_r2_2048_bit_630,float64,13,0,1,constant_in_exact_subset
morgan_r2_2048_bit_639,float64,13,0,1,constant_in_exact_subset
morgan_r2_2048_bit_643,float64,13,0,1,constant_in_exact_subset
morgan_r2_2048_bit_646,float64,13,0,1,constant_in_exact_subset
morgan_r2_2048_bit_650,float64,13,0,1,constant_in_exact_subset
morgan_r2_2048_bit_652,float64,13,0,2,numeric_baseline_candidate
morgan_r2_2048_bit_653,float64,13,0,1,constant_in_exact_subset
morgan_r2_2048_bit_654,float64,13,0,1,constant_in_exact_subset
morgan_r2_2048_bit_655,float64,13,0,1,constant_in_exact_subset
morgan_r2_2048_bit_656,float64,13,0,1,constant_in_exact_subset
morgan_r2_2048_bit_657,float64,13,0,1,constant_in_exact_subset
morgan_r2_2048_bit_662,float64,13,0,1,constant_in_exact_subset
morgan_r2_2048_bit_667,float64,13,0,1,constant_in_exact_subset
morgan_r2_2048_bit_674,float64,13,0,1,constant_in_exact_subset
morgan_r2_2048_bit_677,float64,13,0,2,numeric_baseline_candidate
morgan_r2_2048_bit_679,float64,13,0,1,constant_in_exact_subset
morgan_r2_2048_bit_685,float64,13,0,1,constant_in_exact_subset
morgan_r2_2048_bit_689,float64,13,0,1,constant_in_exact_subset
morgan_r2_2048_bit_692,float64,13,0,1,constant_in_exact_subset
morgan_r2_2048_bit_693,float64,13,0,2,numeric_baseline_candidate
morgan_r2_2048_bit_694,float64,13,0,2,numeric_baseline_candidate
morgan_r2_2048_bit_695,float64,13,0,1,constant_in_exact_subset
morgan_r2_2048_bit_703,float64,13,0,1,constant_in_exact_subset
morgan_r2_2048_bit_710,float64,13,0,1,constant_in_exact_subset
morgan_r2_2048_bit_713,float64,13,0,1,constant_in_exact_subset
morgan_r2_2048_bit_714,float64,13,0,1,constant_in_exact_subset
morgan_r2_2048_bit_715,float64,13,0,1,constant_in_exact_subset
morgan_r2_2048_bit_718,float64,13,0,1,constant_in_exact_subset
morgan_r2_2048_bit_724,float64,13,0,1,constant_in_exact_subset
morgan_r2_2048_bit_725,float64,13,0,1,constant_in_exact_subset
morgan_r2_2048_bit_727,float64,13,0,1,constant_in_exact_subset
morgan_r2_2048_bit_729,float64,13,0,1,constant_in_exact_subset
morgan_r2_2048_bit_734,float64,13,0,1,constant_in_exact_subset
morgan_r2_2048_bit_736,float64,13,0,1,constant_in_exact_subset
morgan_r2_2048_bit_738,float64,13,0,1,constant_in_exact_subset
morgan_r2_2048_bit_739,float64,13,0,1,constant_in_exact_subset
morgan_r2_2048_bit_746,float64,13,0,1,constant_in_exact_subset
morgan_r2_2048_bit_749,float64,13,0,1,constant_in_exact_subset
morgan_r2_2048_bit_751,float64,13,0,1,constant_in_exact_subset
morgan_r2_2048_bit_753,float64,13,0,1,constant_in_exact_subset
morgan_r2_2048_bit_755,float64,13,0,1,constant_in_exact_subset
morgan_r2_2048_bit_765,float64,13,0,1,constant_in_exact_subset
morgan_r2_2048_bit_768,float64,13,0,1,constant_in_exact_subset
morgan_r2_2048_bit_769,float64,13,0,1,constant_in_exact_subset
morgan_r2_2048_bit_770,float64,13,0,1,constant_in_exact_subset
morgan_r2_2048_bit_771,float64,13,0,1,constant_in_exact_subset
morgan_r2_2048_bit_772,float64,13,0,1,constant_in_exact_subset
morgan_r2_2048_bit_775,float64,13,0,2,numeric_baseline_candidate
morgan_r2_2048_bit_782,float64,13,0,1,constant_in_exact_subset
morgan_r2_2048_bit_784,float64,13,0,1,constant_in_exact_subset
morgan_r2_2048_bit_794,float64,13,0,1,constant_in_exact_subset
morgan_r2_2048_bit_795,float64,13,0,1,constant_in_exact_subset
morgan_r2_2048_bit_800,float64,13,0,1,constant_in_exact_subset
morgan_r2_2048_bit_804,float64,13,0,1,constant_in_exact_subset
morgan_r2_2048_bit_807,float64,13,0,1,constant_in_exact_subset
morgan_r2_2048_bit_809,float64,13,0,1,constant_in_exact_subset
morgan_r2_2048_bit_810,float64,13,0,1,constant_in_exact_subset
morgan_r2_2048_bit_829,float64,13,0,1,constant_in_exact_subset
morgan_r2_2048_bit_830,float64,13,0,1,constant_in_exact_subset
morgan_r2_2048_bit_831,float64,13,0,1,constant_in_exact_subset
morgan_r2_2048_bit_832,float64,13,0,1,constant_in_exact_subset
morgan_r2_2048_bit_834,float64,13,0,1,constant_in_exact_subset
morgan_r2_2048_bit_842,float64,13,0,1,constant_in_exact_subset
morgan_r2_2048_bit_843,float64,13,0,1,constant_in_exact_subset
morgan_r2_2048_bit_854,float64,13,0,1,constant_in_exact_subset
morgan_r2_2048_bit_869,float64,13,0,1,constant_in_exact_subset
morgan_r2_2048_bit_874,float64,13,0,1,constant_in_exact_subset
morgan_r2_2048_bit_875,float64,13,0,1,constant_in_exact_subset
morgan_r2_2048_bit_876,float64,13,0,1,constant_in_exact_subset
morgan_r2_2048_bit_881,float64,13,0,1,constant_in_exact_subset
morgan_r2_2048_bit_886,float64,13,0,1,constant_in_exact_subset
morgan_r2_2048_bit_890,float64,13,0,1,constant_in_exact_subset
morgan_r2_2048_bit_893,float64,13,0,1,constant_in_exact_subset
morgan_r2_2048_bit_897,float64,13,0,1,constant_in_exact_subset
morgan_r2_2048_bit_899,float64,13,0,1,constant_in_exact_subset
morgan_r2_2048_bit_909,float64,13,0,1,constant_in_exact_subset
morgan_r2_2048_bit_912,float64,13,0,1,constant_in_exact_subset
morgan_r2_2048_bit_913,float64,13,0,1,constant_in_exact_subset
morgan_r2_2048_bit_916,float64,13,0,1,constant_in_exact_subset
morgan_r2_2048_bit_926,float64,13,0,1,constant_in_exact_subset
morgan_r2_2048_bit_928,float64,13,0,1,constant_in_exact_subset
morgan_r2_2048_bit_932,float64,13,0,1,constant_in_exact_subset
morgan_r2_2048_bit_935,float64,13,0,1,constant_in_exact_subset
morgan_r2_2048_bit_945,float64,13,0,1,constant_in_exact_subset
morgan_r2_2048_bit_946,float64,13,0,2,numeric_baseline_candidate
morgan_r2_2048_bit_948,float64,13,0,1,constant_in_exact_subset
morgan_r2_2048_bit_950,float64,13,0,1,constant_in_exact_subset
morgan_r2_2048_bit_951,float64,13,0,1,constant_in_exact_subset
morgan_r2_2048_bit_955,float64,13,0,1,constant_in_exact_subset
morgan_r2_2048_bit_966,float64,13,0,1,constant_in_exact_subset
morgan_r2_2048_bit_968,float64,13,0,1,constant_in_exact_subset
morgan_r2_2048_bit_976,float64,13,0,1,constant_in_exact_subset
morgan_r2_2048_bit_978,float64,13,0,1,constant_in_exact_subset
morgan_r2_2048_bit_980,float64,13,0,1,constant_in_exact_subset
morgan_r2_2048_bit_981,float64,13,0,1,constant_in_exact_subset
morgan_r2_2048_bit_991,float64,13,0,1,constant_in_exact_subset
morgan_r2_2048_bit_993,float64,13,0,1,constant_in_exact_subset
morgan_r2_2048_bit_1002,float64,13,0,1,constant_in_exact_subset
morgan_r2_2048_bit_1004,float64,13,0,1,constant_in_exact_subset
morgan_r2_2048_bit_1006,float64,13,0,1,constant_in_exact_subset
morgan_r2_2048_bit_1008,float64,13,0,1,constant_in_exact_subset
morgan_r2_2048_bit_1017,float64,13,0,1,constant_in_exact_subset
morgan_r2_2048_bit_1019,float64,13,0,1,constant_in_exact_subset
morgan_r2_2048_bit_1027,float64,13,0,1,constant_in_exact_subset
morgan_r2_2048_bit_1028,float64,13,0,1,constant_in_exact_subset
morgan_r2_2048_bit_1034,float64,13,0,2,numeric_baseline_candidate
morgan_r2_2048_bit_1038,float64,13,0,1,constant_in_exact_subset
morgan_r2_2048_bit_1056,float64,13,0,1,constant_in_exact_subset
morgan_r2_2048_bit_1066,float64,13,0,1,constant_in_exact_subset
morgan_r2_2048_bit_1070,float64,13,0,1,constant_in_exact_subset
morgan_r2_2048_bit_1071,float64,13,0,1,constant_in_exact_subset
morgan_r2_2048_bit_1077,float64,13,0,1,constant_in_exact_subset
morgan_r2_2048_bit_1081,float64,13,0,1,constant_in_exact_subset
morgan_r2_2048_bit_1083,float64,13,0,1,constant_in_exact_subset
morgan_r2_2048_bit_1088,float64,13,0,1,constant_in_exact_subset
morgan_r2_2048_bit_1111,float64,13,0,1,constant_in_exact_subset
morgan_r2_2048_bit_1114,float64,13,0,2,numeric_baseline_candidate
morgan_r2_2048_bit_1120,float64,13,0,1,constant_in_exact_subset
morgan_r2_2048_bit_1127,float64,13,0,1,constant_in_exact_subset
morgan_r2_2048_bit_1130,float64,13,0,1,constant_in_exact_subset
morgan_r2_2048_bit_1142,float64,13,0,1,constant_in_exact_subset
morgan_r2_2048_bit_1143,float64,13,0,1,constant_in_exact_subset
morgan_r2_2048_bit_1145,float64,13,0,1,constant_in_exact_subset
morgan_r2_2048_bit_1149,float64,13,0,1,constant_in_exact_subset
morgan_r2_2048_bit_1152,float64,13,0,1,constant_in_exact_subset
morgan_r2_2048_bit_1163,float64,13,0,2,numeric_baseline_candidate
morgan_r2_2048_bit_1168,float64,13,0,1,constant_in_exact_subset
morgan_r2_2048_bit_1171,float64,13,0,1,constant_in_exact_subset
morgan_r2_2048_bit_1172,float64,13,0,2,numeric_baseline_candidate
morgan_r2_2048_bit_1195,float64,13,0,2,numeric_baseline_candidate
morgan_r2_2048_bit_1196,float64,13,0,1,constant_in_exact_subset
morgan_r2_2048_bit_1199,float64,13,0,1,constant_in_exact_subset
morgan_r2_2048_bit_1207,float64,13,0,1,constant_in_exact_subset
morgan_r2_2048_bit_1218,float64,13,0,1,constant_in_exact_subset
morgan_r2_2048_bit_1235,float64,13,0,1,constant_in_exact_subset
morgan_r2_2048_bit_1236,float64,13,0,1,constant_in_exact_subset
morgan_r2_2048_bit_1238,float64,13,0,1,constant_in_exact_subset
morgan_r2_2048_bit_1240,float64,13,0,1,constant_in_exact_subset
morgan_r2_2048_bit_1243,float64,13,0,1,constant_in_exact_subset
morgan_r2_2048_bit_1249,float64,13,0,2,numeric_baseline_candidate
morgan_r2_2048_bit_1253,float64,13,0,1,constant_in_exact_subset
morgan_r2_2048_bit_1261,float64,13,0,1,constant_in_exact_subset
morgan_r2_2048_bit_1267,float64,13,0,2,numeric_baseline_candidate
morgan_r2_2048_bit_1280,float64,13,0,1,constant_in_exact_subset
morgan_r2_2048_bit_1283,float64,13,0,1,constant_in_exact_subset
morgan_r2_2048_bit_1284,float64,13,0,1,constant_in_exact_subset
morgan_r2_2048_bit_1290,float64,13,0,1,constant_in_exact_subset
morgan_r2_2048_bit_1309,float64,13,0,1,constant_in_exact_subset
morgan_r2_2048_bit_1312,float64,13,0,1,constant_in_exact_subset
morgan_r2_2048_bit_1316,float64,13,0,1,constant_in_exact_subset
morgan_r2_2048_bit_1317,float64,13,0,1,constant_in_exact_subset
morgan_r2_2048_bit_1321,float64,13,0,1,constant_in_exact_subset
morgan_r2_2048_bit_1322,float64,13,0,1,constant_in_exact_subset
morgan_r2_2048_bit_1325,float64,13,0,1,constant_in_exact_subset
morgan_r2_2048_bit_1328,float64,13,0,1,constant_in_exact_subset
morgan_r2_2048_bit_1332,float64,13,0,1,constant_in_exact_subset
morgan_r2_2048_bit_1347,float64,13,0,1,constant_in_exact_subset
morgan_r2_2048_bit_1355,float64,13,0,1,constant_in_exact_subset
morgan_r2_2048_bit_1358,float64,13,0,1,constant_in_exact_subset
morgan_r2_2048_bit_1367,float64,13,0,1,constant_in_exact_subset
morgan_r2_2048_bit_1374,float64,13,0,1,constant_in_exact_subset
morgan_r2_2048_bit_1380,float64,13,0,1,constant_in_exact_subset
morgan_r2_2048_bit_1386,float64,13,0,1,constant_in_exact_subset
morgan_r2_2048_bit_1393,float64,13,0,1,constant_in_exact_subset
morgan_r2_2048_bit_1399,float64,13,0,1,constant_in_exact_subset
morgan_r2_2048_bit_1416,float64,13,0,1,constant_in_exact_subset
morgan_r2_2048_bit_1417,float64,13,0,1,constant_in_exact_subset
morgan_r2_2048_bit_1420,float64,13,0,1,constant_in_exact_subset
morgan_r2_2048_bit_1422,float64,13,0,1,constant_in_exact_subset
morgan_r2_2048_bit_1427,float64,13,0,1,constant_in_exact_subset
morgan_r2_2048_bit_1430,float64,13,0,1,constant_in_exact_subset
morgan_r2_2048_bit_1432,float64,13,0,1,constant_in_exact_subset
morgan_r2_2048_bit_1433,float64,13,0,1,constant_in_exact_subset
morgan_r2_2048_bit_1435,float64,13,0,1,constant_in_exact_subset
morgan_r2_2048_bit_1436,float64,13,0,1,constant_in_exact_subset
morgan_r2_2048_bit_1441,float64,13,0,1,constant_in_exact_subset
morgan_r2_2048_bit_1444,float64,13,0,1,constant_in_exact_subset
morgan_r2_2048_bit_1452,float64,13,0,1,constant_in_exact_subset
morgan_r2_2048_bit_1454,float64,13,0,1,constant_in_exact_subset
morgan_r2_2048_bit_1476,float64,13,0,1,constant_in_exact_subset
morgan_r2_2048_bit_1480,float64,13,0,1,constant_in_exact_subset
morgan_r2_2048_bit_1482,float64,13,0,1,constant_in_exact_subset
morgan_r2_2048_bit_1486,float64,13,0,1,constant_in_exact_subset
morgan_r2_2048_bit_1489,float64,13,0,1,constant_in_exact_subset
morgan_r2_2048_bit_1517,float64,13,0,1,constant_in_exact_subset
morgan_r2_2048_bit_1530,float64,13,0,1,constant_in_exact_subset
morgan_r2_2048_bit_1539,float64,13,0,1,constant_in_exact_subset
morgan_r2_2048_bit_1544,float64,13,0,1,constant_in_exact_subset
morgan_r2_2048_bit_1552,float64,13,0,1,constant_in_exact_subset
morgan_r2_2048_bit_1564,float64,13,0,1,constant_in_exact_subset
morgan_r2_2048_bit_1573,float64,13,0,1,constant_in_exact_subset
morgan_r2_2048_bit_1581,float64,13,0,2,numeric_baseline_candidate
morgan_r2_2048_bit_1583,float64,13,0,1,constant_in_exact_subset
morgan_r2_2048_bit_1602,float64,13,0,1,constant_in_exact_subset
morgan_r2_2048_bit_1603,float64,13,0,1,constant_in_exact_subset
morgan_r2_2048_bit_1610,float64,13,0,1,constant_in_exact_subset
morgan_r2_2048_bit_1617,float64,13,0,1,constant_in_exact_subset
morgan_r2_2048_bit_1619,float64,13,0,1,constant_in_exact_subset
morgan_r2_2048_bit_1624,float64,13,0,1,constant_in_exact_subset
morgan_r2_2048_bit_1653,float64,13,0,1,constant_in_exact_subset
morgan_r2_2048_bit_1668,float64,13,0,1,constant_in_exact_subset
morgan_r2_2048_bit_1669,float64,13,0,2,numeric_baseline_candidate
morgan_r2_2048_bit_1670,float64,13,0,2,numeric_baseline_candidate
morgan_r2_2048_bit_1683,float64,13,0,1,constant_in_exact_subset
morgan_r2_2048_bit_1698,float64,13,0,1,constant_in_exact_subset
morgan_r2_2048_bit_1710,float64,13,0,1,constant_in_exact_subset
morgan_r2_2048_bit_1712,float64,13,0,1,constant_in_exact_subset
morgan_r2_2048_bit_1713,float64,13,0,1,constant_in_exact_subset
morgan_r2_2048_bit_1714,float64,13,0,1,constant_in_exact_subset
morgan_r2_2048_bit_1716,float64,13,0,1,constant_in_exact_subset
morgan_r2_2048_bit_1719,float64,13,0,1,constant_in_exact_subset
morgan_r2_2048_bit_1722,float64,13,0,1,constant_in_exact_subset
morgan_r2_2048_bit_1724,float64,13,0,1,constant_in_exact_subset
morgan_r2_2048_bit_1734,float64,13,0,2,numeric_baseline_candidate
morgan_r2_2048_bit_1741,float64,13,0,1,constant_in_exact_subset
morgan_r2_2048_bit_1742,float64,13,0,1,constant_in_exact_subset
morgan_r2_2048_bit_1750,float64,13,0,1,constant_in_exact_subset
morgan_r2_2048_bit_1752,float64,13,0,1,constant_in_exact_subset
morgan_r2_2048_bit_1754,float64,13,0,1,constant_in_exact_subset
morgan_r2_2048_bit_1755,float64,13,0,2,numeric_baseline_candidate
morgan_r2_2048_bit_1757,float64,13,0,1,constant_in_exact_subset
morgan_r2_2048_bit_1758,float64,13,0,1,constant_in_exact_subset
morgan_r2_2048_bit_1760,float64,13,0,1,constant_in_exact_subset
morgan_r2_2048_bit_1761,float64,13,0,1,constant_in_exact_subset
morgan_r2_2048_bit_1765,float64,13,0,1,constant_in_exact_subset
morgan_r2_2048_bit_1780,float64,13,0,1,constant_in_exact_subset
morgan_r2_2048_bit_1791,float64,13,0,1,constant_in_exact_subset
morgan_r2_2048_bit_1810,float64,13,0,1,constant_in_exact_subset
morgan_r2_2048_bit_1824,float64,13,0,1,constant_in_exact_subset
morgan_r2_2048_bit_1840,float64,13,0,1,constant_in_exact_subset
morgan_r2_2048_bit_1860,float64,13,0,1,constant_in_exact_subset
morgan_r2_2048_bit_1864,float64,13,0,1,constant_in_exact_subset
morgan_r2_2048_bit_1866,float64,13,0,1,constant_in_exact_subset
morgan_r2_2048_bit_1871,float64,13,0,1,constant_in_exact_subset
morgan_r2_2048_bit_1873,float64,13,0,2,numeric_baseline_candidate
morgan_r2_2048_bit_1876,float64,13,0,1,constant_in_exact_subset
morgan_r2_2048_bit_1903,float64,13,0,1,constant_in_exact_subset
morgan_r2_2048_bit_1911,float64,13,0,1,constant_in_exact_subset
morgan_r2_2048_bit_1917,float64,13,0,1,constant_in_exact_subset
morgan_r2_2048_bit_1922,float64,13,0,1,constant_in_exact_subset
morgan_r2_2048_bit_1925,float64,13,0,1,constant_in_exact_subset
morgan_r2_2048_bit_1951,float64,13,0,1,constant_in_exact_subset
morgan_r2_2048_bit_1954,float64,13,0,1,constant_in_exact_subset
morgan_r2_2048_bit_1960,float64,13,0,1,constant_in_exact_subset
morgan_r2_2048_bit_1961,float64,13,0,1,constant_in_exact_subset
morgan_r2_2048_bit_1968,float64,13,0,1,constant_in_exact_subset
morgan_r2_2048_bit_1990,float64,13,0,1,constant_in_exact_subset
morgan_r2_2048_bit_1997,float64,13,0,1,constant_in_exact_subset
morgan_r2_2048_bit_1998,float64,13,0,1,constant_in_exact_subset
morgan_r2_2048_bit_2017,float64,13,0,1,constant_in_exact_subset
morgan_r2_2048_bit_2018,float64,13,0,1,constant_in_exact_subset
morgan_r2_2048_bit_2022,float64,13,0,1,constant_in_exact_subset
morgan_r2_2048_bit_2038,float64,13,0,1,constant_in_exact_subset
morgan_r2_2048_bit_2039,float64,13,0,1,constant_in_exact_subset
morgan_r2_2048_bit_2043,float64,13,0,1,constant_in_exact_subset
md_features_available,int64,13,0,1,excluded_other_md
md_assignment_status,object,13,0,2,excluded_other_md
md_source_lnp_id,object,13,0,6,excluded_other_md
md_composition_family,object,13,0,3,excluded_other_md
md_match_level,object,13,0,2,excluded_other_md
md_ratio_match,object,13,0,2,excluded_other_md
md_reuse_note,object,13,0,4,excluded_other_md
md_LNP_only_Rg_nm_mean_all,float64,13,0,6,excluded_other_md
md_LNP_only_Rg_nm_sd_all,float64,13,0,6,excluded_other_md
md_LNP_only_Rg_nm_mean_last100ns,float64,13,0,6,approved_md_feature
md_LNP_only_Rg_nm_sd_last100ns,float64,13,0,6,excluded_other_md
md_LNP_only_Rg_nm_first,float64,13,0,6,excluded_other_md
md_LNP_only_Rg_nm_last,float64,13,0,6,excluded_other_md
md_LNP_only_Rg_nm_drift_last_minus_first,float64,13,0,6,excluded_other_md
md_LNP_core_Rg_nm_mean_all,float64,13,0,6,excluded_other_md
md_LNP_core_Rg_nm_sd_all,float64,13,0,6,excluded_other_md
md_LNP_core_Rg_nm_mean_last100ns,float64,13,0,6,approved_md_feature
md_LNP_core_Rg_nm_sd_last100ns,float64,13,0,6,excluded_other_md
md_LNP_core_Rg_nm_first,float64,13,0,6,excluded_other_md
md_LNP_core_Rg_nm_last,float64,13,0,6,excluded_other_md
md_LNP_core_Rg_nm_drift_last_minus_first,float64,13,0,6,excluded_other_md
md_LNP_only_SASA_nm2_mean_all,float64,13,0,6,excluded_other_md
md_LNP_only_SASA_nm2_sd_all,float64,13,0,6,excluded_other_md
md_LNP_only_SASA_nm2_mean_last100ns,float64,13,0,6,approved_md_feature
md_LNP_only_SASA_nm2_sd_last100ns,float64,13,0,6,excluded_other_md
md_LNP_only_SASA_nm2_first,float64,13,0,6,excluded_other_md
md_LNP_only_SASA_nm2_last,float64,13,0,6,excluded_other_md
md_LNP_only_SASA_nm2_drift_last_minus_first,float64,13,0,6,excluded_other_md
md_RNA_Rg_nm_mean_all,float64,13,0,6,excluded_other_md
md_RNA_Rg_nm_sd_all,float64,13,0,6,excluded_other_md
md_RNA_Rg_nm_mean_last100ns,float64,13,0,6,approved_md_feature
md_RNA_Rg_nm_sd_last100ns,float64,13,0,6,excluded_other_md
md_RNA_Rg_nm_first,float64,13,0,6,excluded_other_md
md_RNA_Rg_nm_last,float64,13,0,6,excluded_other_md
md_RNA_Rg_nm_drift_last_minus_first,float64,13,0,6,excluded_other_md
md_LNP_RNA_Rg_nm_mean_all,float64,13,0,6,excluded_other_md
md_LNP_RNA_Rg_nm_sd_all,float64,13,0,6,excluded_other_md
md_LNP_RNA_Rg_nm_mean_last100ns,float64,13,0,6,approved_md_feature
md_LNP_RNA_Rg_nm_sd_last100ns,float64,13,0,6,excluded_other_md
md_LNP_RNA_Rg_nm_first,float64,13,0,6,excluded_other_md
md_LNP_RNA_Rg_nm_last,float64,13,0,6,excluded_other_md
md_LNP_RNA_Rg_nm_drift_last_minus_first,float64,13,0,6,excluded_other_md
md_RNA_LNP_COM_distance_nm_mean_all,float64,13,0,6,excluded_other_md
md_RNA_LNP_COM_distance_nm_sd_all,float64,13,0,6,excluded_other_md
md_RNA_LNP_COM_distance_nm_mean_last100ns,float64,13,0,6,approved_md_feature
md_RNA_LNP_COM_distance_nm_sd_last100ns,float64,13,0,6,excluded_other_md
md_RNA_LNP_COM_distance_nm_first,float64,13,0,6,excluded_other_md
md_RNA_LNP_COM_distance_nm_last,float64,13,0,6,excluded_other_md
md_RNA_LNP_COM_distance_nm_drift_last_minus_first,float64,13,0,6,excluded_other_md
md_RNA_LNP_mindist_nm_mean_all,float64,13,0,6,excluded_other_md
md_RNA_LNP_mindist_nm_sd_all,float64,13,0,6,excluded_other_md
md_RNA_LNP_mindist_nm_mean_last100ns,float64,13,0,6,approved_md_feature
md_RNA_LNP_mindist_nm_sd_last100ns,float64,13,0,6,excluded_other_md
md_RNA_LNP_mindist_nm_first,float64,13,0,6,excluded_other_md
md_RNA_LNP_mindist_nm_last,float64,13,0,6,excluded_other_md
md_RNA_LNP_mindist_nm_drift_last_minus_first,float64,13,0,6,excluded_other_md
md_RNA_LNP_contacts_0p6nm_mean_all,float64,13,0,6,excluded_other_md
md_RNA_LNP_contacts_0p6nm_sd_all,float64,13,0,6,excluded_other_md
md_RNA_LNP_contacts_0p6nm_mean_last100ns,float64,13,0,6,approved_md_feature
md_RNA_LNP_contacts_0p6nm_sd_last100ns,float64,13,0,6,excluded_other_md
md_RNA_LNP_contacts_0p6nm_first,float64,13,0,6,excluded_other_md
md_RNA_LNP_contacts_0p6nm_last,float64,13,0,6,excluded_other_md
md_RNA_LNP_contacts_0p6nm_drift_last_minus_first,float64,13,0,6,excluded_other_md
md_RNA_S1D_mindist_nm_mean_all,float64,13,0,5,excluded_other_md
md_RNA_S1D_mindist_nm_sd_all,float64,13,0,5,excluded_other_md
md_RNA_S1D_mindist_nm_mean_last100ns,float64,13,0,5,excluded_other_md
md_RNA_S1D_mindist_nm_sd_last100ns,float64,13,0,5,excluded_other_md
md_RNA_S1D_mindist_nm_first,float64,13,0,5,excluded_other_md
md_RNA_S1D_mindist_nm_last,float64,13,0,5,excluded_other_md
md_RNA_S1D_mindist_nm_drift_last_minus_first,float64,13,0,5,excluded_other_md
md_RNA_S1D_contacts_0p6nm_mean_all,float64,13,0,5,excluded_other_md
md_RNA_S1D_contacts_0p6nm_sd_all,float64,13,0,5,excluded_other_md
md_RNA_S1D_contacts_0p6nm_mean_last100ns,float64,13,0,5,excluded_other_md
md_RNA_S1D_contacts_0p6nm_sd_last100ns,float64,13,0,5,excluded_other_md
md_RNA_S1D_contacts_0p6nm_first,float64,13,0,3,excluded_other_md
md_RNA_S1D_contacts_0p6nm_last,float64,13,0,2,excluded_other_md
md_RNA_S1D_contacts_0p6nm_drift_last_minus_first,float64,13,0,3,excluded_other_md
md_RNA_DPPC_mindist_nm_mean_all,float64,13,0,5,excluded_other_md
md_RNA_DPPC_mindist_nm_sd_all,float64,13,0,5,excluded_other_md
md_RNA_DPPC_mindist_nm_mean_last100ns,float64,13,0,5,excluded_other_md
md_RNA_DPPC_mindist_nm_sd_last100ns,float64,13,0,5,excluded_other_md
md_RNA_DPPC_mindist_nm_first,float64,13,0,5,excluded_other_md
md_RNA_DPPC_mindist_nm_last,float64,13,0,5,excluded_other_md
md_RNA_DPPC_mindist_nm_drift_last_minus_first,float64,13,0,5,excluded_other_md
md_RNA_DPPC_contacts_0p6nm_mean_all,float64,13,0,5,excluded_other_md
md_RNA_DPPC_contacts_0p6nm_sd_all,float64,13,0,5,excluded_other_md
md_RNA_DPPC_contacts_0p6nm_mean_last100ns,float64,13,0,5,excluded_other_md
md_RNA_DPPC_contacts_0p6nm_sd_last100ns,float64,13,0,5,excluded_other_md
md_RNA_DPPC_contacts_0p6nm_first,float64,13,0,5,excluded_other_md
md_RNA_DPPC_contacts_0p6nm_last,float64,13,0,4,excluded_other_md
md_RNA_DPPC_contacts_0p6nm_drift_last_minus_first,float64,13,0,5,excluded_other_md
md_RNA_CHOL_mindist_nm_mean_all,float64,13,0,5,excluded_other_md
md_RNA_CHOL_mindist_nm_sd_all,float64,13,0,5,excluded_other_md
md_RNA_CHOL_mindist_nm_mean_last100ns,float64,13,0,5,excluded_other_md
md_RNA_CHOL_mindist_nm_sd_last100ns,float64,13,0,5,excluded_other_md
md_RNA_CHOL_mindist_nm_first,float64,13,0,5,excluded_other_md
md_RNA_CHOL_mindist_nm_last,float64,13,0,5,excluded_other_md
md_RNA_CHOL_mindist_nm_drift_last_minus_first,float64,13,0,5,excluded_other_md
md_RNA_CHOL_contacts_0p6nm_mean_all,float64,13,0,5,excluded_other_md
md_RNA_CHOL_contacts_0p6nm_sd_all,float64,13,0,5,excluded_other_md
md_RNA_CHOL_contacts_0p6nm_mean_last100ns,float64,13,0,5,excluded_other_md
md_RNA_CHOL_contacts_0p6nm_sd_last100ns,float64,13,0,5,excluded_other_md
md_RNA_CHOL_contacts_0p6nm_first,float64,13,0,3,excluded_other_md
md_RNA_CHOL_contacts_0p6nm_last,float64,13,0,3,excluded_other_md
md_RNA_CHOL_contacts_0p6nm_drift_last_minus_first,float64,13,0,4,excluded_other_md
md_RNA_DMG_mindist_nm_mean_all,float64,13,0,5,excluded_other_md
md_RNA_DMG_mindist_nm_sd_all,float64,13,0,5,excluded_other_md
md_RNA_DMG_mindist_nm_mean_last100ns,float64,13,0,5,excluded_other_md
md_RNA_DMG_mindist_nm_sd_last100ns,float64,13,0,5,excluded_other_md
md_RNA_DMG_mindist_nm_first,float64,13,0,5,excluded_other_md
md_RNA_DMG_mindist_nm_last,float64,13,0,5,excluded_other_md
md_RNA_DMG_mindist_nm_drift_last_minus_first,float64,13,0,5,excluded_other_md
md_RNA_DMG_contacts_0p6nm_mean_all,float64,13,0,5,excluded_other_md
md_RNA_DMG_contacts_0p6nm_sd_all,float64,13,0,5,excluded_other_md
md_RNA_DMG_contacts_0p6nm_mean_last100ns,float64,13,0,5,excluded_other_md
md_RNA_DMG_contacts_0p6nm_sd_last100ns,float64,13,0,5,excluded_other_md
md_RNA_DMG_contacts_0p6nm_first,float64,13,0,4,excluded_other_md
md_RNA_DMG_contacts_0p6nm_last,float64,13,0,3,excluded_other_md
md_RNA_DMG_contacts_0p6nm_drift_last_minus_first,float64,13,0,4,excluded_other_md
md_RNA_PEO_mindist_nm_mean_all,float64,13,0,5,excluded_other_md
md_RNA_PEO_mindist_nm_sd_all,float64,13,0,5,excluded_other_md
md_RNA_PEO_mindist_nm_mean_last100ns,float64,13,0,5,excluded_other_md
md_RNA_PEO_mindist_nm_sd_last100ns,float64,13,0,5,excluded_other_md
md_RNA_PEO_mindist_nm_first,float64,13,0,5,excluded_other_md
md_RNA_PEO_mindist_nm_last,float64,13,0,5,excluded_other_md
md_RNA_PEO_mindist_nm_drift_last_minus_first,float64,13,0,5,excluded_other_md
md_RNA_PEO_contacts_0p6nm_mean_all,float64,13,0,5,excluded_other_md
md_RNA_PEO_contacts_0p6nm_sd_all,float64,13,0,5,excluded_other_md
md_RNA_PEO_contacts_0p6nm_mean_last100ns,float64,13,0,5,excluded_other_md
md_RNA_PEO_contacts_0p6nm_sd_last100ns,float64,13,0,5,excluded_other_md
md_RNA_PEO_contacts_0p6nm_first,float64,13,0,5,excluded_other_md
md_RNA_PEO_contacts_0p6nm_last,float64,13,0,4,excluded_other_md
md_RNA_PEO_contacts_0p6nm_drift_last_minus_first,float64,13,0,5,excluded_other_md
md_RNA_PEG_lipid_mindist_nm_mean_all,float64,13,0,6,excluded_other_md
md_RNA_PEG_lipid_mindist_nm_sd_all,float64,13,0,6,excluded_other_md
md_RNA_PEG_lipid_mindist_nm_mean_last100ns,float64,13,0,6,excluded_other_md
md_RNA_PEG_lipid_mindist_nm_sd_last100ns,float64,13,0,6,excluded_other_md
md_RNA_PEG_lipid_mindist_nm_first,float64,13,0,6,excluded_other_md
md_RNA_PEG_lipid_mindist_nm_last,float64,13,0,6,excluded_other_md
md_RNA_PEG_lipid_mindist_nm_drift_last_minus_first,float64,13,0,6,excluded_other_md
md_RNA_PEG_lipid_contacts_0p6nm_mean_all,float64,13,0,6,excluded_other_md
md_RNA_PEG_lipid_contacts_0p6nm_sd_all,float64,13,0,6,excluded_other_md
md_RNA_PEG_lipid_contacts_0p6nm_mean_last100ns,float64,13,0,6,excluded_other_md
md_RNA_PEG_lipid_contacts_0p6nm_sd_last100ns,float64,13,0,6,excluded_other_md
md_RNA_PEG_lipid_contacts_0p6nm_first,float64,13,0,6,excluded_other_md
md_RNA_PEG_lipid_contacts_0p6nm_last,float64,13,0,4,excluded_other_md
md_RNA_PEG_lipid_contacts_0p6nm_drift_last_minus_first,float64,13,0,6,excluded_other_md
md_RNA_water_mindist_nm_mean_all,float64,13,0,6,excluded_other_md
md_RNA_water_mindist_nm_sd_all,float64,13,0,6,excluded_other_md
md_RNA_water_mindist_nm_mean_last100ns,float64,13,0,6,excluded_other_md
md_RNA_water_mindist_nm_sd_last100ns,float64,13,0,6,excluded_other_md
md_RNA_water_mindist_nm_first,float64,13,0,6,excluded_other_md
md_RNA_water_mindist_nm_last,float64,13,0,6,excluded_other_md
md_RNA_water_mindist_nm_drift_last_minus_first,float64,13,0,6,excluded_other_md
md_RNA_water_contacts_0p6nm_mean_all,float64,13,0,6,excluded_other_md
md_RNA_water_contacts_0p6nm_sd_all,float64,13,0,6,excluded_other_md
md_RNA_water_contacts_0p6nm_mean_last100ns,float64,13,0,6,excluded_other_md
md_RNA_water_contacts_0p6nm_sd_last100ns,float64,13,0,6,excluded_other_md
md_RNA_water_contacts_0p6nm_first,float64,13,0,6,excluded_other_md
md_RNA_water_contacts_0p6nm_last,float64,13,0,6,excluded_other_md
md_RNA_water_contacts_0p6nm_drift_last_minus_first,float64,13,0,6,excluded_other_md
md_RNA_NA_mindist_nm_mean_all,float64,13,0,5,excluded_other_md
md_RNA_NA_mindist_nm_sd_all,float64,13,0,5,excluded_other_md
md_RNA_NA_mindist_nm_mean_last100ns,float64,13,0,5,excluded_other_md
md_RNA_NA_mindist_nm_sd_last100ns,float64,13,0,5,excluded_other_md
md_RNA_NA_mindist_nm_first,float64,13,0,5,excluded_other_md
md_RNA_NA_mindist_nm_last,float64,13,0,5,excluded_other_md
md_RNA_NA_mindist_nm_drift_last_minus_first,float64,13,0,5,excluded_other_md
md_RNA_NA_contacts_0p6nm_mean_all,float64,13,0,5,excluded_other_md
md_RNA_NA_contacts_0p6nm_sd_all,float64,13,0,5,excluded_other_md
md_RNA_NA_contacts_0p6nm_mean_last100ns,float64,13,0,5,excluded_other_md
md_RNA_NA_contacts_0p6nm_sd_last100ns,float64,13,0,5,excluded_other_md
md_RNA_NA_contacts_0p6nm_first,float64,13,0,5,excluded_other_md
md_RNA_NA_contacts_0p6nm_last,float64,13,0,5,excluded_other_md
md_RNA_NA_contacts_0p6nm_drift_last_minus_first,float64,13,0,4,excluded_other_md
md_LNP_NA_mindist_nm_mean_all,float64,13,0,5,excluded_other_md
md_LNP_NA_mindist_nm_sd_all,float64,13,0,5,excluded_other_md
md_LNP_NA_mindist_nm_mean_last100ns,float64,13,0,5,excluded_other_md
md_LNP_NA_mindist_nm_sd_last100ns,float64,13,0,5,excluded_other_md
md_LNP_NA_mindist_nm_first,float64,13,0,5,excluded_other_md
md_LNP_NA_mindist_nm_last,float64,13,0,5,excluded_other_md
md_LNP_NA_mindist_nm_drift_last_minus_first,float64,13,0,5,excluded_other_md
md_LNP_NA_contacts_0p6nm_mean_all,float64,13,0,5,excluded_other_md
md_LNP_NA_contacts_0p6nm_sd_all,float64,13,0,5,excluded_other_md
md_LNP_NA_contacts_0p6nm_mean_last100ns,float64,13,0,5,excluded_other_md
md_LNP_NA_contacts_0p6nm_sd_last100ns,float64,13,0,5,excluded_other_md
md_LNP_NA_contacts_0p6nm_first,float64,13,0,3,excluded_other_md
md_LNP_NA_contacts_0p6nm_last,float64,13,0,4,excluded_other_md
md_LNP_NA_contacts_0p6nm_drift_last_minus_first,float64,13,0,4,excluded_other_md
md_S1D_NA_mindist_nm_mean_all,float64,13,0,5,excluded_other_md
md_S1D_NA_mindist_nm_sd_all,float64,13,0,5,excluded_other_md
md_S1D_NA_mindist_nm_mean_last100ns,float64,13,0,5,excluded_other_md
md_S1D_NA_mindist_nm_sd_last100ns,float64,13,0,5,excluded_other_md
md_S1D_NA_mindist_nm_first,float64,13,0,5,excluded_other_md
md_S1D_NA_mindist_nm_last,float64,13,0,5,excluded_other_md
md_S1D_NA_mindist_nm_drift_last_minus_first,float64,13,0,5,excluded_other_md
md_S1D_NA_contacts_0p6nm_mean_all,float64,13,0,5,excluded_other_md
md_S1D_NA_contacts_0p6nm_sd_all,float64,13,0,5,excluded_other_md
md_S1D_NA_contacts_0p6nm_mean_last100ns,float64,13,0,5,excluded_other_md
md_S1D_NA_contacts_0p6nm_sd_last100ns,float64,13,0,5,excluded_other_md
md_S1D_NA_contacts_0p6nm_first,float64,13,0,2,excluded_other_md
md_S1D_NA_contacts_0p6nm_last,float64,13,0,2,excluded_other_md
md_S1D_NA_contacts_0p6nm_drift_last_minus_first,float64,13,0,2,excluded_other_md
md_RNA_buried_fraction_contact_based_mean_all,float64,13,0,6,excluded_other_md
md_RNA_buried_fraction_contact_based_sd_all,float64,13,0,6,excluded_other_md
md_RNA_buried_fraction_contact_based_mean_last100ns,float64,13,0,6,approved_md_feature
md_RNA_buried_fraction_contact_based_sd_last100ns,float64,13,0,6,excluded_other_md
md_LNP_only_Rg_tensor_nm_mean_all,float64,13,0,6,excluded_other_md
md_LNP_only_Rg_tensor_nm_sd_all,float64,13,0,6,excluded_other_md
md_LNP_only_Rg_tensor_nm_mean_last100ns,float64,13,0,6,excluded_other_md
md_LNP_only_Rg_tensor_nm_sd_last100ns,float64,13,0,6,excluded_other_md
md_LNP_only_Rg_tensor_nm_drift_last_minus_first,float64,13,0,6,excluded_other_md
md_LNP_only_asphericity_nm2_mean_all,float64,13,0,6,excluded_other_md
md_LNP_only_asphericity_nm2_sd_all,float64,13,0,6,excluded_other_md
md_LNP_only_asphericity_nm2_mean_last100ns,float64,13,0,6,excluded_other_md
md_LNP_only_asphericity_nm2_sd_last100ns,float64,13,0,6,excluded_other_md
md_LNP_only_asphericity_nm2_drift_last_minus_first,float64,13,0,6,excluded_other_md
md_LNP_only_acylindricity_nm2_mean_all,float64,13,0,6,excluded_other_md
md_LNP_only_acylindricity_nm2_sd_all,float64,13,0,6,excluded_other_md
md_LNP_only_acylindricity_nm2_mean_last100ns,float64,13,0,6,excluded_other_md
md_LNP_only_acylindricity_nm2_sd_last100ns,float64,13,0,6,excluded_other_md
md_LNP_only_acylindricity_nm2_drift_last_minus_first,float64,13,0,6,excluded_other_md
md_LNP_only_shape_anisotropy_kappa2_mean_all,float64,13,0,6,excluded_other_md
md_LNP_only_shape_anisotropy_kappa2_sd_all,float64,13,0,6,excluded_other_md
md_LNP_only_shape_anisotropy_kappa2_mean_last100ns,float64,13,0,6,approved_md_feature
md_LNP_only_shape_anisotropy_kappa2_sd_last100ns,float64,13,0,6,excluded_other_md
md_LNP_only_shape_anisotropy_kappa2_drift_last_minus_first,float64,13,0,6,excluded_other_md
md_LNP_only_compactness_inv_Rg_1_per_nm_mean_all,float64,13,0,6,excluded_other_md
md_LNP_only_compactness_inv_Rg_1_per_nm_sd_all,float64,13,0,6,excluded_other_md
md_LNP_only_compactness_inv_Rg_1_per_nm_mean_last100ns,float64,13,0,6,approved_md_feature
md_LNP_only_compactness_inv_Rg_1_per_nm_sd_last100ns,float64,13,0,6,excluded_other_md
md_LNP_only_compactness_inv_Rg_1_per_nm_drift_last_minus_first,float64,13,0,6,excluded_other_md
md_LNP_RNA_Rg_tensor_nm_mean_all,float64,13,0,6,excluded_other_md
md_LNP_RNA_Rg_tensor_nm_sd_all,float64,13,0,6,excluded_other_md
md_LNP_RNA_Rg_tensor_nm_mean_last100ns,float64,13,0,6,excluded_other_md
md_LNP_RNA_Rg_tensor_nm_sd_last100ns,float64,13,0,6,excluded_other_md
md_LNP_RNA_Rg_tensor_nm_drift_last_minus_first,float64,13,0,6,excluded_other_md
md_LNP_RNA_asphericity_nm2_mean_all,float64,13,0,6,excluded_other_md
md_LNP_RNA_asphericity_nm2_sd_all,float64,13,0,6,excluded_other_md
md_LNP_RNA_asphericity_nm2_mean_last100ns,float64,13,0,6,excluded_other_md
md_LNP_RNA_asphericity_nm2_sd_last100ns,float64,13,0,6,excluded_other_md
md_LNP_RNA_asphericity_nm2_drift_last_minus_first,float64,13,0,6,excluded_other_md
md_LNP_RNA_acylindricity_nm2_mean_all,float64,13,0,6,excluded_other_md
md_LNP_RNA_acylindricity_nm2_sd_all,float64,13,0,6,excluded_other_md
md_LNP_RNA_acylindricity_nm2_mean_last100ns,float64,13,0,6,excluded_other_md
md_LNP_RNA_acylindricity_nm2_sd_last100ns,float64,13,0,6,excluded_other_md
md_LNP_RNA_acylindricity_nm2_drift_last_minus_first,float64,13,0,6,excluded_other_md
md_LNP_RNA_shape_anisotropy_kappa2_mean_all,float64,13,0,6,excluded_other_md
md_LNP_RNA_shape_anisotropy_kappa2_sd_all,float64,13,0,6,excluded_other_md
md_LNP_RNA_shape_anisotropy_kappa2_mean_last100ns,float64,13,0,6,excluded_other_md
md_LNP_RNA_shape_anisotropy_kappa2_sd_last100ns,float64,13,0,6,excluded_other_md
md_LNP_RNA_shape_anisotropy_kappa2_drift_last_minus_first,float64,13,0,6,excluded_other_md
md_LNP_RNA_compactness_inv_Rg_1_per_nm_mean_all,float64,13,0,6,excluded_other_md
md_LNP_RNA_compactness_inv_Rg_1_per_nm_sd_all,float64,13,0,6,excluded_other_md
md_LNP_RNA_compactness_inv_Rg_1_per_nm_mean_last100ns,float64,13,0,6,excluded_other_md
md_LNP_RNA_compactness_inv_Rg_1_per_nm_sd_last100ns,float64,13,0,6,excluded_other_md
md_LNP_RNA_compactness_inv_Rg_1_per_nm_drift_last_minus_first,float64,13,0,6,excluded_other_md
md_RNA_Rg_tensor_nm_mean_all,float64,13,0,6,excluded_other_md
md_RNA_Rg_tensor_nm_sd_all,float64,13,0,6,excluded_other_md
md_RNA_Rg_tensor_nm_mean_last100ns,float64,13,0,6,excluded_other_md
md_RNA_Rg_tensor_nm_sd_last100ns,float64,13,0,6,excluded_other_md
md_RNA_Rg_tensor_nm_drift_last_minus_first,float64,13,0,6,excluded_other_md
md_RNA_asphericity_nm2_mean_all,float64,13,0,6,excluded_other_md
md_RNA_asphericity_nm2_sd_all,float64,13,0,6,excluded_other_md
md_RNA_asphericity_nm2_mean_last100ns,float64,13,0,6,excluded_other_md
md_RNA_asphericity_nm2_sd_last100ns,float64,13,0,6,excluded_other_md
md_RNA_asphericity_nm2_drift_last_minus_first,float64,13,0,6,excluded_other_md
md_RNA_acylindricity_nm2_mean_all,float64,13,0,6,excluded_other_md
md_RNA_acylindricity_nm2_sd_all,float64,13,0,6,excluded_other_md
md_RNA_acylindricity_nm2_mean_last100ns,float64,13,0,6,excluded_other_md
md_RNA_acylindricity_nm2_sd_last100ns,float64,13,0,6,excluded_other_md
md_RNA_acylindricity_nm2_drift_last_minus_first,float64,13,0,6,excluded_other_md
md_RNA_shape_anisotropy_kappa2_mean_all,float64,13,0,6,excluded_other_md
md_RNA_shape_anisotropy_kappa2_sd_all,float64,13,0,6,excluded_other_md
md_RNA_shape_anisotropy_kappa2_mean_last100ns,float64,13,0,6,excluded_other_md
md_RNA_shape_anisotropy_kappa2_sd_last100ns,float64,13,0,6,excluded_other_md
md_RNA_shape_anisotropy_kappa2_drift_last_minus_first,float64,13,0,6,excluded_other_md
md_RNA_compactness_inv_Rg_1_per_nm_mean_all,float64,13,0,6,excluded_other_md
md_RNA_compactness_inv_Rg_1_per_nm_sd_all,float64,13,0,6,excluded_other_md
md_RNA_compactness_inv_Rg_1_per_nm_mean_last100ns,float64,13,0,6,excluded_other_md
md_RNA_compactness_inv_Rg_1_per_nm_sd_last100ns,float64,13,0,6,excluded_other_md
md_RNA_compactness_inv_Rg_1_per_nm_drift_last_minus_first,float64,13,0,6,excluded_other_md
md_LNP_water_contacts_0p6nm_mean_all,float64,13,0,6,excluded_other_md
md_S1D_water_contacts_0p6nm_mean_all,float64,13,0,6,excluded_other_md
md_LNP_water_contacts_0p6nm_sd_all,float64,13,0,6,excluded_other_md
md_S1D_water_contacts_0p6nm_sd_all,float64,13,0,6,excluded_other_md
md_LNP_water_contacts_0p6nm_mean_last100ns,float64,13,0,6,excluded_other_md
md_S1D_water_contacts_0p6nm_mean_last100ns,float64,13,0,6,excluded_other_md
md_LNP_water_contacts_0p6nm_sd_last100ns,float64,13,0,6,excluded_other_md
md_S1D_water_contacts_0p6nm_sd_last100ns,float64,13,0,6,excluded_other_md
md_LNP_water_contacts_0p6nm_first,float64,13,0,6,excluded_other_md
md_S1D_water_contacts_0p6nm_first,float64,13,0,6,excluded_other_md
md_LNP_water_contacts_0p6nm_last,float64,13,0,6,excluded_other_md
md_S1D_water_contacts_0p6nm_last,float64,13,0,6,excluded_other_md
md_LNP_water_contacts_0p6nm_drift_last_minus_first,float64,13,0,6,excluded_other_md
md_S1D_water_contacts_0p6nm_drift_last_minus_first,float64,13,0,6,excluded_other_md
md_stability_Potential_mean_all,float64,13,0,6,excluded_other_md
md_stability_Potential_sd_all,float64,13,0,6,excluded_other_md
md_stability_Potential_mean_last100ns,float64,13,0,6,excluded_other_md
md_stability_Potential_sd_last100ns,float64,13,0,6,excluded_other_md
md_stability_Potential_drift_last_minus_first,float64,13,0,6,excluded_other_md
md_stability_Temperature_mean_all,float64,13,0,6,excluded_other_md
md_stability_Temperature_sd_all,float64,13,0,6,excluded_other_md
md_stability_Temperature_mean_last100ns,float64,13,0,6,excluded_other_md
md_stability_Temperature_sd_last100ns,float64,13,0,6,excluded_other_md
md_stability_Temperature_drift_last_minus_first,float64,13,0,6,excluded_other_md
md_stability_Pressure_mean_all,float64,13,0,6,excluded_other_md
md_stability_Pressure_sd_all,float64,13,0,6,excluded_other_md
md_stability_Pressure_mean_last100ns,float64,13,0,6,excluded_other_md
md_stability_Pressure_sd_last100ns,float64,13,0,6,excluded_other_md
md_stability_Pressure_drift_last_minus_first,float64,13,0,6,excluded_other_md
md_stability_Box_X_mean_all,float64,13,0,6,excluded_other_md
md_stability_Box_X_sd_all,float64,13,0,6,excluded_other_md
md_stability_Box_X_mean_last100ns,float64,13,0,6,excluded_other_md
md_stability_Box_X_sd_last100ns,float64,13,0,6,excluded_other_md
md_stability_Box_X_drift_last_minus_first,float64,13,0,6,excluded_other_md
md_stability_Box_Y_mean_all,float64,13,0,6,excluded_other_md
md_stability_Box_Y_sd_all,float64,13,0,6,excluded_other_md
md_stability_Box_Y_mean_last100ns,float64,13,0,6,excluded_other_md
md_stability_Box_Y_sd_last100ns,float64,13,0,6,excluded_other_md
md_stability_Box_Y_drift_last_minus_first,float64,13,0,6,excluded_other_md
md_stability_Box_Z_mean_all,float64,13,0,6,excluded_other_md
md_stability_Box_Z_sd_all,float64,13,0,6,excluded_other_md
md_stability_Box_Z_mean_last100ns,float64,13,0,6,excluded_other_md
md_stability_Box_Z_sd_last100ns,float64,13,0,6,excluded_other_md
md_stability_Box_Z_drift_last_minus_first,float64,13,0,6,excluded_other_md
md_stability_Volume_mean_all,float64,13,0,6,excluded_other_md
md_stability_Volume_sd_all,float64,13,0,6,excluded_other_md
md_stability_Volume_mean_last100ns,float64,13,0,6,excluded_other_md
md_stability_Volume_sd_last100ns,float64,13,0,6,excluded_other_md
md_stability_Volume_drift_last_minus_first,float64,13,0,6,excluded_other_md
md_stability_Density_mean_all,float64,13,0,6,excluded_other_md
md_stability_Density_sd_all,float64,13,0,6,excluded_other_md
md_stability_Density_mean_last100ns,float64,13,0,6,excluded_other_md
md_stability_Density_sd_last100ns,float64,13,0,6,excluded_other_md
md_stability_Density_drift_last_minus_first,float64,13,0,6,excluded_other_md
md_water_penetration_method,object,13,0,4,excluded_other_md
md_water_total_W_beads,float64,13,0,6,excluded_other_md
md_water_LNP_unique_contacts_0p6nm_mean_all,float64,13,0,6,excluded_other_md
md_water_LNP_unique_contacts_0p6nm_sd_all,float64,13,0,6,excluded_other_md
md_water_LNP_unique_contacts_0p6nm_mean_last100ns,float64,13,0,6,excluded_other_md
md_water_LNP_unique_contacts_0p6nm_sd_last100ns,float64,13,0,6,excluded_other_md
md_water_LNP_unique_contacts_0p6nm_first,float64,13,0,6,excluded_other_md
md_water_LNP_unique_contacts_0p6nm_last,float64,13,0,6,excluded_other_md
md_water_LNP_unique_contacts_0p6nm_drift_last_minus_first,float64,13,0,6,excluded_other_md
md_water_LNP_unique_contacts_0p6nm_fraction_of_total_water_mean_all,float64,13,0,6,excluded_other_md
md_water_LNP_unique_contacts_0p6nm_fraction_of_total_water_sd_all,float64,13,0,6,excluded_other_md
md_water_LNP_unique_contacts_0p6nm_fraction_of_total_water_mean_last100ns,float64,13,0,6,excluded_other_md
md_water_LNP_unique_contacts_0p6nm_fraction_of_total_water_sd_last100ns,float64,13,0,6,excluded_other_md
md_water_near_S1D_unique_contacts_0p6nm_mean_all,float64,13,0,6,excluded_other_md
md_water_near_S1D_unique_contacts_0p6nm_sd_all,float64,13,0,6,excluded_other_md
md_water_near_S1D_unique_contacts_0p6nm_mean_last100ns,float64,13,0,6,excluded_other_md
md_water_near_S1D_unique_contacts_0p6nm_sd_last100ns,float64,13,0,6,excluded_other_md
md_water_near_S1D_unique_contacts_0p6nm_first,float64,13,0,6,excluded_other_md
md_water_near_S1D_unique_contacts_0p6nm_last,float64,13,0,6,excluded_other_md
md_water_near_S1D_unique_contacts_0p6nm_drift_last_minus_first,float64,13,0,6,excluded_other_md
md_water_near_S1D_unique_contacts_0p6nm_fraction_of_total_water_mean_all,float64,13,0,6,excluded_other_md
md_water_near_S1D_unique_contacts_0p6nm_fraction_of_total_water_sd_all,float64,13,0,6,excluded_other_md
md_water_near_S1D_unique_contacts_0p6nm_fraction_of_total_water_mean_last100ns,float64,13,0,6,excluded_other_md
md_water_near_S1D_unique_contacts_0p6nm_fraction_of_total_water_sd_last100ns,float64,13,0,6,excluded_other_md
md_water_inside_LNP_core_RgSphere_count_mean_all,float64,13,0,6,excluded_other_md
md_water_inside_LNP_core_RgSphere_count_sd_all,float64,13,0,6,excluded_other_md
md_water_inside_LNP_core_RgSphere_count_mean_last100ns,float64,13,0,6,excluded_other_md
md_water_inside_LNP_core_RgSphere_count_sd_last100ns,float64,13,0,6,excluded_other_md
md_water_inside_LNP_core_RgSphere_count_first,float64,13,0,6,excluded_other_md
md_water_inside_LNP_core_RgSphere_count_last,float64,13,0,6,excluded_other_md
md_water_inside_LNP_core_RgSphere_count_drift_last_minus_first,float64,13,0,6,excluded_other_md
md_water_inside_LNP_core_RgSphere_count_fraction_of_total_water_mean_all,float64,13,0,6,excluded_other_md
md_water_inside_LNP_core_RgSphere_count_fraction_of_total_water_sd_all,float64,13,0,6,excluded_other_md
md_water_inside_LNP_core_RgSphere_count_fraction_of_total_water_mean_last100ns,float64,13,0,6,approved_md_feature
md_water_inside_LNP_core_RgSphere_count_fraction_of_total_water_sd_last100ns,float64,13,0,6,excluded_other_md
