processed_column,block,dtype,fill_fraction,model_input
id_lnp_id,id_,object,1.0,False
group_paper_doi,group_,object,1.0,False
group_lipid_key,group_,object,1.0,False
target_transfection_active,target_,int64,1.0,False
confounder_label_source,confounder_,object,1.0,False
confounder_paper_year,confounder_,float64,1.0,False
confounder_administration_route,confounder_,object,1.0,False
struct_ionizable_smiles,struct_,object,0.835920177383592,False
structure_available,structure_,int64,1.0,False
feat_form_ionizable_lipid,feat_,object,0.991130820399113,True
feat_form_peg_lipid,feat_,object,0.9490022172949002,True
feat_form_sterol_lipid,feat_,object,0.9467849223946785,True
feat_form_helper_lipid,feat_,object,0.9600886917960089,True
feat_form_ionizable_lipid_mol_percent_final,feat_,float64,1.0,True
feat_form_peg_lipid_mol_percent_final,feat_,float64,1.0,True
feat_form_sterol_lipid_mol_percent_final,feat_,float64,1.0,True
feat_form_helper_lipid_mol_percent_final,feat_,float64,1.0,True
feat_form_mixing_method,feat_,object,0.8226164079822617,True
feat_form_solvent,feat_,object,0.9512195121951219,True
feat_form_buffer,feat_,object,0.9401330376940134,True
feat_form_buffer_ph,feat_,float64,0.7694013303769401,True
feat_phys_particle_size_nm_std,feat_,float64,0.7871396895787139,True
feat_phys_pdi_std,feat_,float64,0.614190687361419,True
feat_phys_zeta_potential_mv_std,feat_,float64,0.12416851441241686,True
feat_phys_encapsulation_efficiency_percent_std,feat_,float64,0.5942350332594235,True
feat_chem2d_rdkit_mol_wt,feat_,float64,0.835920177383592,True
feat_chem2d_rdkit_exact_mol_wt,feat_,float64,0.835920177383592,True
feat_chem2d_rdkit_logp,feat_,float64,0.835920177383592,True
feat_chem2d_rdkit_tpsa,feat_,float64,0.835920177383592,True
feat_chem2d_rdkit_hbd,feat_,float64,0.835920177383592,True
feat_chem2d_rdkit_hba,feat_,float64,0.835920177383592,True
feat_chem2d_rdkit_rotatable_bonds,feat_,float64,0.835920177383592,True
feat_chem2d_rdkit_heavy_atom_count,feat_,float64,0.835920177383592,True
feat_chem2d_rdkit_num_rings,feat_,float64,0.835920177383592,True
feat_chem2d_rdkit_num_aliphatic_rings,feat_,float64,0.835920177383592,True
feat_chem2d_rdkit_num_aromatic_rings,feat_,float64,0.835920177383592,True
feat_chem2d_rdkit_fraction_csp3,feat_,float64,0.835920177383592,True
feat_chem2d_rdkit_formal_charge,feat_,float64,0.835920177383592,True
feat_chem2d_rdkit_qed,feat_,float64,0.835920177383592,True
feat_chem3d_radius_gyration,feat_,float64,0.835920177383592,True
feat_chem3d_asphericity,feat_,float64,0.835920177383592,True
feat_chem3d_eccentricity,feat_,float64,0.835920177383592,True
feat_chem3d_inertial_shape_factor,feat_,float64,0.835920177383592,True
feat_chem3d_npr1,feat_,float64,0.835920177383592,True
feat_chem3d_npr2,feat_,float64,0.835920177383592,True
feat_chem3d_pmi1,feat_,float64,0.835920177383592,True
feat_chem3d_pmi2,feat_,float64,0.835920177383592,True
feat_chem3d_pmi3,feat_,float64,0.835920177383592,True
feat_chem3d_spherocity_index,feat_,float64,0.835920177383592,True
feat_chem3d_mol_volume,feat_,float64,0.835920177383592,True
feat_chem3d_energy,feat_,float64,0.5942350332594235,True
feat_chem3d_num_atoms_with_H,feat_,float64,0.835920177383592,True
feat_chem2d_atom_count_C,feat_,float64,0.835920177383592,True
feat_chem2d_atom_count_H,feat_,float64,0.835920177383592,True
feat_chem2d_atom_count_N,feat_,float64,0.835920177383592,True
feat_chem2d_atom_count_O,feat_,float64,0.835920177383592,True
feat_chem2d_atom_count_P,feat_,float64,0.835920177383592,True
feat_chem2d_atom_count_S,feat_,float64,0.835920177383592,True
feat_chem2d_atom_count_F,feat_,float64,0.835920177383592,True
feat_chem2d_atom_count_Cl,feat_,float64,0.835920177383592,True
feat_chem2d_atom_count_Br,feat_,float64,0.835920177383592,True
feat_chem2d_ester_count,feat_,float64,0.835920177383592,True
feat_chem2d_amide_count,feat_,float64,0.835920177383592,True
feat_chem2d_tertiary_amine_count,feat_,float64,0.835920177383592,True
feat_chem2d_secondary_amine_count,feat_,float64,0.835920177383592,True
feat_chem2d_primary_amine_count,feat_,float64,0.835920177383592,True
feat_chem2d_hydroxyl_count,feat_,float64,0.835920177383592,True
feat_chem2d_ether_count,feat_,float64,0.835920177383592,True
feat_chem2d_halogen_count,feat_,float64,0.835920177383592,True
feat_chem2d_phosphate_count,feat_,float64,0.835920177383592,True
feat_chem2d_has_amine,feat_,float64,0.835920177383592,True
feat_chem2d_has_ester,feat_,float64,0.835920177383592,True
feat_chem2d_tail_longest_carbon_chain_len,feat_,float64,0.835920177383592,True
feat_chem2d_tail_total_aliphatic_carbons,feat_,float64,0.835920177383592,True
feat_chem2d_tail_terminal_carbon_count,feat_,float64,0.835920177383592,True
feat_chem2d_tail_branching_carbon_count,feat_,float64,0.835920177383592,True
feat_chem2d_tail_unsaturation_cc_double_bond_count,feat_,float64,0.835920177383592,True
feat_chem2d_tail_aromatic_carbon_count,feat_,float64,0.835920177383592,True
feat_chem2d_tail_branching_index,feat_,float64,0.835920177383592,True
feat_chem2d_tail_unsaturation_index,feat_,float64,0.835920177383592,True
feat_cargo_sequence_type,feat_,object,1.0,True
feat_cargo_transcript_length_nt,feat_,float64,0.8470066518847007,True
feat_cargo_CDS length_nt,feat_,float64,0.9933481152993349,True
feat_cargo_gc_content,feat_,float64,0.9889135254988913,True
feat_cargo_a_fraction,feat_,float64,0.9889135254988913,True
feat_cargo_u_fraction,feat_,float64,0.9889135254988913,True
feat_cargo_g_fraction,feat_,float64,0.9889135254988913,True
feat_cargo_c_fraction,feat_,float64,0.9889135254988913,True
feat_cargo_molecular_weight_approx_da,feat_,float64,0.9889135254988913,True
feat_cargo_length_nt_calculated,feat_,float64,0.9889135254988913,True
feat_cargo_cargo_is_mrna,feat_,int64,1.0,True
feat_cargo_cargo_is_aso,feat_,int64,1.0,True
feat_cargo_cargo_is_barcode,feat_,int64,1.0,True
feat_cargo_cargo_is_pdna,feat_,int64,1.0,True
feat_fp_1,feat_,float64,0.835920177383592,True
feat_fp_2,feat_,float64,0.835920177383592,True
feat_fp_3,feat_,float64,0.835920177383592,True
feat_fp_5,feat_,float64,0.835920177383592,True
feat_fp_8,feat_,float64,0.835920177383592,True
feat_fp_11,feat_,float64,0.835920177383592,True
feat_fp_13,feat_,float64,0.835920177383592,True
feat_fp_14,feat_,float64,0.835920177383592,True
feat_fp_15,feat_,float64,0.835920177383592,True
feat_fp_21,feat_,float64,0.835920177383592,True
feat_fp_22,feat_,float64,0.835920177383592,True
feat_fp_26,feat_,float64,0.835920177383592,True
feat_fp_27,feat_,float64,0.835920177383592,True
feat_fp_28,feat_,float64,0.835920177383592,True
feat_fp_29,feat_,float64,0.835920177383592,True
feat_fp_31,feat_,float64,0.835920177383592,True
feat_fp_32,feat_,float64,0.835920177383592,True
feat_fp_33,feat_,float64,0.835920177383592,True
feat_fp_38,feat_,float64,0.835920177383592,True
feat_fp_39,feat_,float64,0.835920177383592,True
feat_fp_41,feat_,float64,0.835920177383592,True
feat_fp_48,feat_,float64,0.835920177383592,True
feat_fp_59,feat_,float64,0.835920177383592,True
feat_fp_66,feat_,float64,0.835920177383592,True
feat_fp_69,feat_,float64,0.835920177383592,True
feat_fp_72,feat_,float64,0.835920177383592,True
feat_fp_73,feat_,float64,0.835920177383592,True
feat_fp_74,feat_,float64,0.835920177383592,True
feat_fp_80,feat_,float64,0.835920177383592,True
feat_fp_81,feat_,float64,0.835920177383592,True
feat_fp_87,feat_,float64,0.835920177383592,True
feat_fp_90,feat_,float64,0.835920177383592,True
feat_fp_97,feat_,float64,0.835920177383592,True
feat_fp_99,feat_,float64,0.835920177383592,True
feat_fp_104,feat_,float64,0.835920177383592,True
feat_fp_110,feat_,float64,0.835920177383592,True
feat_fp_114,feat_,float64,0.835920177383592,True
feat_fp_115,feat_,float64,0.835920177383592,True
feat_fp_116,feat_,float64,0.835920177383592,True
feat_fp_117,feat_,float64,0.835920177383592,True
feat_fp_118,feat_,float64,0.835920177383592,True
feat_fp_120,feat_,float64,0.835920177383592,True
feat_fp_125,feat_,float64,0.835920177383592,True
feat_fp_139,feat_,float64,0.835920177383592,True
feat_fp_140,feat_,float64,0.835920177383592,True
feat_fp_145,feat_,float64,0.835920177383592,True
feat_fp_147,feat_,float64,0.835920177383592,True
feat_fp_150,feat_,float64,0.835920177383592,True
feat_fp_151,feat_,float64,0.835920177383592,True
feat_fp_157,feat_,float64,0.835920177383592,True
feat_fp_166,feat_,float64,0.835920177383592,True
feat_fp_169,feat_,float64,0.835920177383592,True
feat_fp_172,feat_,float64,0.835920177383592,True
feat_fp_173,feat_,float64,0.835920177383592,True
feat_fp_174,feat_,float64,0.835920177383592,True
feat_fp_175,feat_,float64,0.835920177383592,True
feat_fp_177,feat_,float64,0.835920177383592,True
feat_fp_184,feat_,float64,0.835920177383592,True
feat_fp_185,feat_,float64,0.835920177383592,True
feat_fp_190,feat_,float64,0.835920177383592,True
feat_fp_191,feat_,float64,0.835920177383592,True
feat_fp_192,feat_,float64,0.835920177383592,True
feat_fp_193,feat_,float64,0.835920177383592,True
feat_fp_196,feat_,float64,0.835920177383592,True
feat_fp_197,feat_,float64,0.835920177383592,True
feat_fp_198,feat_,float64,0.835920177383592,True
feat_fp_201,feat_,float64,0.835920177383592,True
feat_fp_202,feat_,float64,0.835920177383592,True
feat_fp_205,feat_,float64,0.835920177383592,True
feat_fp_207,feat_,float64,0.835920177383592,True
feat_fp_210,feat_,float64,0.835920177383592,True
feat_fp_216,feat_,float64,0.835920177383592,True
feat_fp_221,feat_,float64,0.835920177383592,True
feat_fp_222,feat_,float64,0.835920177383592,True
feat_fp_225,feat_,float64,0.835920177383592,True
feat_fp_227,feat_,float64,0.835920177383592,True
feat_fp_229,feat_,float64,0.835920177383592,True
feat_fp_231,feat_,float64,0.835920177383592,True
feat_fp_237,feat_,float64,0.835920177383592,True
feat_fp_245,feat_,float64,0.835920177383592,True
feat_fp_246,feat_,float64,0.835920177383592,True
feat_fp_251,feat_,float64,0.835920177383592,True
feat_fp_255,feat_,float64,0.835920177383592,True
feat_fp_261,feat_,float64,0.835920177383592,True
feat_fp_264,feat_,float64,0.835920177383592,True
feat_fp_275,feat_,float64,0.835920177383592,True
feat_fp_278,feat_,float64,0.835920177383592,True
feat_fp_281,feat_,float64,0.835920177383592,True
feat_fp_283,feat_,float64,0.835920177383592,True
feat_fp_306,feat_,float64,0.835920177383592,True
feat_fp_307,feat_,float64,0.835920177383592,True
feat_fp_313,feat_,float64,0.835920177383592,True
feat_fp_314,feat_,float64,0.835920177383592,True
feat_fp_316,feat_,float64,0.835920177383592,True
feat_fp_319,feat_,float64,0.835920177383592,True
feat_fp_322,feat_,float64,0.835920177383592,True
feat_fp_323,feat_,float64,0.835920177383592,True
feat_fp_334,feat_,float64,0.835920177383592,True
feat_fp_339,feat_,float64,0.835920177383592,True
feat_fp_345,feat_,float64,0.835920177383592,True
feat_fp_348,feat_,float64,0.835920177383592,True
feat_fp_350,feat_,float64,0.835920177383592,True
feat_fp_355,feat_,float64,0.835920177383592,True
feat_fp_357,feat_,float64,0.835920177383592,True
feat_fp_363,feat_,float64,0.835920177383592,True
feat_fp_364,feat_,float64,0.835920177383592,True
feat_fp_375,feat_,float64,0.835920177383592,True
feat_fp_378,feat_,float64,0.835920177383592,True
feat_fp_380,feat_,float64,0.835920177383592,True
feat_fp_381,feat_,float64,0.835920177383592,True
feat_fp_382,feat_,float64,0.835920177383592,True
feat_fp_383,feat_,float64,0.835920177383592,True
feat_fp_384,feat_,float64,0.835920177383592,True
feat_fp_385,feat_,float64,0.835920177383592,True
feat_fp_389,feat_,float64,0.835920177383592,True
feat_fp_392,feat_,float64,0.835920177383592,True
feat_fp_396,feat_,float64,0.835920177383592,True
feat_fp_397,feat_,float64,0.835920177383592,True
feat_fp_399,feat_,float64,0.835920177383592,True
feat_fp_401,feat_,float64,0.835920177383592,True
feat_fp_409,feat_,float64,0.835920177383592,True
feat_fp_411,feat_,float64,0.835920177383592,True
feat_fp_414,feat_,float64,0.835920177383592,True
feat_fp_419,feat_,float64,0.835920177383592,True
feat_fp_424,feat_,float64,0.835920177383592,True
feat_fp_425,feat_,float64,0.835920177383592,True
feat_fp_430,feat_,float64,0.835920177383592,True
feat_fp_432,feat_,float64,0.835920177383592,True
feat_fp_446,feat_,float64,0.835920177383592,True
feat_fp_448,feat_,float64,0.835920177383592,True
feat_fp_459,feat_,float64,0.835920177383592,True
feat_fp_465,feat_,float64,0.835920177383592,True
feat_fp_472,feat_,float64,0.835920177383592,True
feat_fp_473,feat_,float64,0.835920177383592,True
feat_fp_478,feat_,float64,0.835920177383592,True
feat_fp_484,feat_,float64,0.835920177383592,True
feat_fp_485,feat_,float64,0.835920177383592,True
feat_fp_486,feat_,float64,0.835920177383592,True
feat_fp_487,feat_,float64,0.835920177383592,True
feat_fp_507,feat_,float64,0.835920177383592,True
feat_fp_509,feat_,float64,0.835920177383592,True
feat_fp_518,feat_,float64,0.835920177383592,True
feat_fp_519,feat_,float64,0.835920177383592,True
feat_fp_523,feat_,float64,0.835920177383592,True
feat_fp_534,feat_,float64,0.835920177383592,True
feat_fp_541,feat_,float64,0.835920177383592,True
feat_fp_556,feat_,float64,0.835920177383592,True
feat_fp_567,feat_,float64,0.835920177383592,True
feat_fp_573,feat_,float64,0.835920177383592,True
feat_fp_577,feat_,float64,0.835920177383592,True
feat_fp_587,feat_,float64,0.835920177383592,True
feat_fp_591,feat_,float64,0.835920177383592,True
feat_fp_592,feat_,float64,0.835920177383592,True
feat_fp_599,feat_,float64,0.835920177383592,True
feat_fp_606,feat_,float64,0.835920177383592,True
feat_fp_619,feat_,float64,0.835920177383592,True
feat_fp_620,feat_,float64,0.835920177383592,True
feat_fp_624,feat_,float64,0.835920177383592,True
feat_fp_628,feat_,float64,0.835920177383592,True
feat_fp_630,feat_,float64,0.835920177383592,True
feat_fp_639,feat_,float64,0.835920177383592,True
feat_fp_643,feat_,float64,0.835920177383592,True
feat_fp_646,feat_,float64,0.835920177383592,True
feat_fp_650,feat_,float64,0.835920177383592,True
feat_fp_652,feat_,float64,0.835920177383592,True
feat_fp_653,feat_,float64,0.835920177383592,True
feat_fp_654,feat_,float64,0.835920177383592,True
feat_fp_655,feat_,float64,0.835920177383592,True
feat_fp_656,feat_,float64,0.835920177383592,True
feat_fp_657,feat_,float64,0.835920177383592,True
feat_fp_662,feat_,float64,0.835920177383592,True
feat_fp_667,feat_,float64,0.835920177383592,True
feat_fp_674,feat_,float64,0.835920177383592,True
feat_fp_677,feat_,float64,0.835920177383592,True
feat_fp_679,feat_,float64,0.835920177383592,True
feat_fp_685,feat_,float64,0.835920177383592,True
feat_fp_689,feat_,float64,0.835920177383592,True
feat_fp_692,feat_,float64,0.835920177383592,True
feat_fp_693,feat_,float64,0.835920177383592,True
feat_fp_694,feat_,float64,0.835920177383592,True
feat_fp_695,feat_,float64,0.835920177383592,True
feat_fp_703,feat_,float64,0.835920177383592,True
feat_fp_710,feat_,float64,0.835920177383592,True
feat_fp_713,feat_,float64,0.835920177383592,True
feat_fp_714,feat_,float64,0.835920177383592,True
feat_fp_715,feat_,float64,0.835920177383592,True
feat_fp_718,feat_,float64,0.835920177383592,True
feat_fp_724,feat_,float64,0.835920177383592,True
feat_fp_725,feat_,float64,0.835920177383592,True
feat_fp_727,feat_,float64,0.835920177383592,True
feat_fp_729,feat_,float64,0.835920177383592,True
feat_fp_734,feat_,float64,0.835920177383592,True
feat_fp_736,feat_,float64,0.835920177383592,True
feat_fp_738,feat_,float64,0.835920177383592,True
feat_fp_739,feat_,float64,0.835920177383592,True
feat_fp_746,feat_,float64,0.835920177383592,True
feat_fp_749,feat_,float64,0.835920177383592,True
feat_fp_751,feat_,float64,0.835920177383592,True
feat_fp_753,feat_,float64,0.835920177383592,True
feat_fp_755,feat_,float64,0.835920177383592,True
feat_fp_765,feat_,float64,0.835920177383592,True
feat_fp_768,feat_,float64,0.835920177383592,True
feat_fp_769,feat_,float64,0.835920177383592,True
feat_fp_770,feat_,float64,0.835920177383592,True
feat_fp_771,feat_,float64,0.835920177383592,True
feat_fp_772,feat_,float64,0.835920177383592,True
feat_fp_775,feat_,float64,0.835920177383592,True
feat_fp_782,feat_,float64,0.835920177383592,True
feat_fp_784,feat_,float64,0.835920177383592,True
feat_fp_794,feat_,float64,0.835920177383592,True
feat_fp_795,feat_,float64,0.835920177383592,True
feat_fp_800,feat_,float64,0.835920177383592,True
feat_fp_804,feat_,float64,0.835920177383592,True
feat_fp_807,feat_,float64,0.835920177383592,True
feat_fp_809,feat_,float64,0.835920177383592,True
feat_fp_810,feat_,float64,0.835920177383592,True
feat_fp_829,feat_,float64,0.835920177383592,True
feat_fp_830,feat_,float64,0.835920177383592,True
feat_fp_831,feat_,float64,0.835920177383592,True
feat_fp_832,feat_,float64,0.835920177383592,True
feat_fp_834,feat_,float64,0.835920177383592,True
feat_fp_842,feat_,float64,0.835920177383592,True
feat_fp_843,feat_,float64,0.835920177383592,True
feat_fp_854,feat_,float64,0.835920177383592,True
feat_fp_869,feat_,float64,0.835920177383592,True
feat_fp_874,feat_,float64,0.835920177383592,True
feat_fp_875,feat_,float64,0.835920177383592,True
feat_fp_876,feat_,float64,0.835920177383592,True
feat_fp_881,feat_,float64,0.835920177383592,True
feat_fp_886,feat_,float64,0.835920177383592,True
feat_fp_890,feat_,float64,0.835920177383592,True
feat_fp_893,feat_,float64,0.835920177383592,True
feat_fp_897,feat_,float64,0.835920177383592,True
feat_fp_899,feat_,float64,0.835920177383592,True
feat_fp_909,feat_,float64,0.835920177383592,True
feat_fp_912,feat_,float64,0.835920177383592,True
feat_fp_913,feat_,float64,0.835920177383592,True
feat_fp_916,feat_,float64,0.835920177383592,True
feat_fp_926,feat_,float64,0.835920177383592,True
feat_fp_928,feat_,float64,0.835920177383592,True
feat_fp_932,feat_,float64,0.835920177383592,True
feat_fp_935,feat_,float64,0.835920177383592,True
feat_fp_945,feat_,float64,0.835920177383592,True
feat_fp_946,feat_,float64,0.835920177383592,True
feat_fp_948,feat_,float64,0.835920177383592,True
feat_fp_950,feat_,float64,0.835920177383592,True
feat_fp_951,feat_,float64,0.835920177383592,True
feat_fp_955,feat_,float64,0.835920177383592,True
feat_fp_966,feat_,float64,0.835920177383592,True
feat_fp_968,feat_,float64,0.835920177383592,True
feat_fp_976,feat_,float64,0.835920177383592,True
feat_fp_978,feat_,float64,0.835920177383592,True
feat_fp_980,feat_,float64,0.835920177383592,True
feat_fp_981,feat_,float64,0.835920177383592,True
feat_fp_991,feat_,float64,0.835920177383592,True
feat_fp_993,feat_,float64,0.835920177383592,True
feat_fp_1002,feat_,float64,0.835920177383592,True
feat_fp_1004,feat_,float64,0.835920177383592,True
feat_fp_1006,feat_,float64,0.835920177383592,True
feat_fp_1008,feat_,float64,0.835920177383592,True
feat_fp_1017,feat_,float64,0.835920177383592,True
feat_fp_1019,feat_,float64,0.835920177383592,True
feat_fp_1027,feat_,float64,0.835920177383592,True
feat_fp_1028,feat_,float64,0.835920177383592,True
feat_fp_1034,feat_,float64,0.835920177383592,True
feat_fp_1038,feat_,float64,0.835920177383592,True
feat_fp_1056,feat_,float64,0.835920177383592,True
feat_fp_1066,feat_,float64,0.835920177383592,True
feat_fp_1070,feat_,float64,0.835920177383592,True
feat_fp_1071,feat_,float64,0.835920177383592,True
feat_fp_1077,feat_,float64,0.835920177383592,True
feat_fp_1081,feat_,float64,0.835920177383592,True
feat_fp_1083,feat_,float64,0.835920177383592,True
feat_fp_1088,feat_,float64,0.835920177383592,True
feat_fp_1111,feat_,float64,0.835920177383592,True
feat_fp_1114,feat_,float64,0.835920177383592,True
feat_fp_1120,feat_,float64,0.835920177383592,True
feat_fp_1127,feat_,float64,0.835920177383592,True
feat_fp_1130,feat_,float64,0.835920177383592,True
feat_fp_1142,feat_,float64,0.835920177383592,True
feat_fp_1143,feat_,float64,0.835920177383592,True
feat_fp_1145,feat_,float64,0.835920177383592,True
feat_fp_1149,feat_,float64,0.835920177383592,True
feat_fp_1152,feat_,float64,0.835920177383592,True
feat_fp_1163,feat_,float64,0.835920177383592,True
feat_fp_1168,feat_,float64,0.835920177383592,True
feat_fp_1171,feat_,float64,0.835920177383592,True
feat_fp_1172,feat_,float64,0.835920177383592,True
feat_fp_1195,feat_,float64,0.835920177383592,True
feat_fp_1196,feat_,float64,0.835920177383592,True
feat_fp_1199,feat_,float64,0.835920177383592,True
feat_fp_1207,feat_,float64,0.835920177383592,True
feat_fp_1218,feat_,float64,0.835920177383592,True
feat_fp_1235,feat_,float64,0.835920177383592,True
feat_fp_1236,feat_,float64,0.835920177383592,True
feat_fp_1238,feat_,float64,0.835920177383592,True
feat_fp_1240,feat_,float64,0.835920177383592,True
feat_fp_1243,feat_,float64,0.835920177383592,True
feat_fp_1249,feat_,float64,0.835920177383592,True
feat_fp_1253,feat_,float64,0.835920177383592,True
feat_fp_1261,feat_,float64,0.835920177383592,True
feat_fp_1267,feat_,float64,0.835920177383592,True
feat_fp_1280,feat_,float64,0.835920177383592,True
feat_fp_1283,feat_,float64,0.835920177383592,True
feat_fp_1284,feat_,float64,0.835920177383592,True
feat_fp_1290,feat_,float64,0.835920177383592,True
feat_fp_1309,feat_,float64,0.835920177383592,True
feat_fp_1312,feat_,float64,0.835920177383592,True
feat_fp_1316,feat_,float64,0.835920177383592,True
feat_fp_1317,feat_,float64,0.835920177383592,True
feat_fp_1321,feat_,float64,0.835920177383592,True
feat_fp_1322,feat_,float64,0.835920177383592,True
feat_fp_1325,feat_,float64,0.835920177383592,True
feat_fp_1328,feat_,float64,0.835920177383592,True
feat_fp_1332,feat_,float64,0.835920177383592,True
feat_fp_1347,feat_,float64,0.835920177383592,True
feat_fp_1355,feat_,float64,0.835920177383592,True
feat_fp_1358,feat_,float64,0.835920177383592,True
feat_fp_1367,feat_,float64,0.835920177383592,True
feat_fp_1374,feat_,float64,0.835920177383592,True
feat_fp_1380,feat_,float64,0.835920177383592,True
feat_fp_1386,feat_,float64,0.835920177383592,True
feat_fp_1393,feat_,float64,0.835920177383592,True
feat_fp_1399,feat_,float64,0.835920177383592,True
feat_fp_1416,feat_,float64,0.835920177383592,True
feat_fp_1417,feat_,float64,0.835920177383592,True
feat_fp_1420,feat_,float64,0.835920177383592,True
feat_fp_1422,feat_,float64,0.835920177383592,True
feat_fp_1427,feat_,float64,0.835920177383592,True
feat_fp_1430,feat_,float64,0.835920177383592,True
feat_fp_1432,feat_,float64,0.835920177383592,True
feat_fp_1433,feat_,float64,0.835920177383592,True
feat_fp_1435,feat_,float64,0.835920177383592,True
feat_fp_1436,feat_,float64,0.835920177383592,True
feat_fp_1441,feat_,float64,0.835920177383592,True
feat_fp_1444,feat_,float64,0.835920177383592,True
feat_fp_1452,feat_,float64,0.835920177383592,True
feat_fp_1454,feat_,float64,0.835920177383592,True
feat_fp_1476,feat_,float64,0.835920177383592,True
feat_fp_1480,feat_,float64,0.835920177383592,True
feat_fp_1482,feat_,float64,0.835920177383592,True
feat_fp_1486,feat_,float64,0.835920177383592,True
feat_fp_1489,feat_,float64,0.835920177383592,True
feat_fp_1517,feat_,float64,0.835920177383592,True
feat_fp_1530,feat_,float64,0.835920177383592,True
feat_fp_1539,feat_,float64,0.835920177383592,True
feat_fp_1544,feat_,float64,0.835920177383592,True
feat_fp_1552,feat_,float64,0.835920177383592,True
feat_fp_1564,feat_,float64,0.835920177383592,True
feat_fp_1573,feat_,float64,0.835920177383592,True
feat_fp_1581,feat_,float64,0.835920177383592,True
feat_fp_1583,feat_,float64,0.835920177383592,True
feat_fp_1602,feat_,float64,0.835920177383592,True
feat_fp_1603,feat_,float64,0.835920177383592,True
feat_fp_1610,feat_,float64,0.835920177383592,True
feat_fp_1617,feat_,float64,0.835920177383592,True
feat_fp_1619,feat_,float64,0.835920177383592,True
feat_fp_1624,feat_,float64,0.835920177383592,True
feat_fp_1653,feat_,float64,0.835920177383592,True
feat_fp_1668,feat_,float64,0.835920177383592,True
feat_fp_1669,feat_,float64,0.835920177383592,True
feat_fp_1670,feat_,float64,0.835920177383592,True
feat_fp_1683,feat_,float64,0.835920177383592,True
feat_fp_1698,feat_,float64,0.835920177383592,True
feat_fp_1710,feat_,float64,0.835920177383592,True
feat_fp_1712,feat_,float64,0.835920177383592,True
feat_fp_1713,feat_,float64,0.835920177383592,True
feat_fp_1714,feat_,float64,0.835920177383592,True
feat_fp_1716,feat_,float64,0.835920177383592,True
feat_fp_1719,feat_,float64,0.835920177383592,True
feat_fp_1722,feat_,float64,0.835920177383592,True
feat_fp_1724,feat_,float64,0.835920177383592,True
feat_fp_1734,feat_,float64,0.835920177383592,True
feat_fp_1741,feat_,float64,0.835920177383592,True
feat_fp_1742,feat_,float64,0.835920177383592,True
feat_fp_1750,feat_,float64,0.835920177383592,True
feat_fp_1752,feat_,float64,0.835920177383592,True
feat_fp_1754,feat_,float64,0.835920177383592,True
feat_fp_1755,feat_,float64,0.835920177383592,True
feat_fp_1757,feat_,float64,0.835920177383592,True
feat_fp_1758,feat_,float64,0.835920177383592,True
feat_fp_1760,feat_,float64,0.835920177383592,True
feat_fp_1761,feat_,float64,0.835920177383592,True
feat_fp_1765,feat_,float64,0.835920177383592,True
feat_fp_1780,feat_,float64,0.835920177383592,True
feat_fp_1791,feat_,float64,0.835920177383592,True
feat_fp_1810,feat_,float64,0.835920177383592,True
feat_fp_1824,feat_,float64,0.835920177383592,True
feat_fp_1840,feat_,float64,0.835920177383592,True
feat_fp_1860,feat_,float64,0.835920177383592,True
feat_fp_1864,feat_,float64,0.835920177383592,True
feat_fp_1866,feat_,float64,0.835920177383592,True
feat_fp_1871,feat_,float64,0.835920177383592,True
feat_fp_1873,feat_,float64,0.835920177383592,True
feat_fp_1876,feat_,float64,0.835920177383592,True
feat_fp_1903,feat_,float64,0.835920177383592,True
feat_fp_1911,feat_,float64,0.835920177383592,True
feat_fp_1917,feat_,float64,0.835920177383592,True
feat_fp_1922,feat_,float64,0.835920177383592,True
feat_fp_1925,feat_,float64,0.835920177383592,True
feat_fp_1951,feat_,float64,0.835920177383592,True
feat_fp_1954,feat_,float64,0.835920177383592,True
feat_fp_1960,feat_,float64,0.835920177383592,True
feat_fp_1961,feat_,float64,0.835920177383592,True
feat_fp_1968,feat_,float64,0.835920177383592,True
feat_fp_1990,feat_,float64,0.835920177383592,True
feat_fp_1997,feat_,float64,0.835920177383592,True
feat_fp_1998,feat_,float64,0.835920177383592,True
feat_fp_2017,feat_,float64,0.835920177383592,True
feat_fp_2018,feat_,float64,0.835920177383592,True
feat_fp_2022,feat_,float64,0.835920177383592,True
feat_fp_2038,feat_,float64,0.835920177383592,True
feat_fp_2039,feat_,float64,0.835920177383592,True
feat_fp_2043,feat_,float64,0.835920177383592,True
