id_lnp_id,group_paper_doi,group_lipid_key,y_true,y_pred,prob_active,fold,model,scheme
1,10.1038/s41467-024-50619-z,structure_missing_lnp_1,1,0,0.4762926616746464,0,mlp,random
2,10.1038/s41467-024-50619-z,CCCCCCCCC/C=C/CCCCCCCCC(=O)N(N)CCCCCCCCCC,1,1,0.9442651872868036,1,mlp,random
3,10.1038/s41467-024-50619-z,CCCCCCCCCC/C=C/CCCCCCCCCCNC(=O)C(CCOC(=O)CCCC(C)CCCCC)N(C)N,1,1,0.9732433250139741,1,mlp,random
4,10.1038/s41467-024-50619-z,CCCCCCC/C=C/CCCCCCCCC(C(=O)NCCCCCCCCCC/C=C/CCCCCCCCCC)N(C)N,1,1,0.9450531032884716,2,mlp,random
5,10.1038/s41467-024-50619-z,CCCCCCCCCC/C=C/CCCCCCCCCCNC(=O)C(CCOC(=O)CCCC(C)CCCCC)NCCCCN(CCCC)CCCCC,1,1,0.9166134109686237,0,mlp,random
6,10.1038/s41467-024-50619-z,CCCCCCCCC/C=C/CCCCCCCCC(NCCCCN(CCCC)CCCCCC)C(=O)NCCCCCCCCCCCCCC,1,1,0.8598575796260773,3,mlp,random
7,10.1038/s41467-024-50619-z,CCCCCCCC/C=C/C(=O)OCCC(NCCCCN(CCCC)CCCCCC)C(=O)NCCCCCCCCCC/C=C/CCCCCCCCCC,1,1,0.8691757341249077,2,mlp,random
8,10.1038/s41467-024-50619-z,CCCCCCCCCC/C=C/CCCCCCCCCCNC(=O)C(CCOC(=O)CCCC(C)CCCCC)NN1CCCCCC1,1,1,0.9817035199217701,2,mlp,random
9,10.1038/s41467-024-50619-z,CCCCCCCC/C=C/C(=O)OCCC(NN1CCCCCC1)C(=O)NCCCCCCCCCC/C=C/CCCCCCCCCC,1,1,0.667466141569012,4,mlp,random
10,10.1038/s41467-024-50619-z,CCCCCCCCCC/C=C/CCCCCCCCCCNC(=O)C(CCOC(=O)CCC(C)CCCCC)NCCN(C(C)C)C(C)C,1,1,0.9271724137643559,2,mlp,random
11,10.1038/s41467-024-50619-z,CCCCCCC/C=C/C(=O)OCCC(NCCN(C(C)C)C(C)C)C(=O)NCCCCCCCCCC/C=C/CCCCCCCCCC,1,1,0.779599676684818,1,mlp,random
12,10.1038/s41467-024-50619-z,CCCCCCCCCCCCCCNC(=O)C(CCOC(=O)CCCC(C)CCCCC)NCCN(C(C)C)C(C)C,1,1,0.9400360365199725,0,mlp,random
13,10.1038/s41467-024-50619-z,CCCCCCCCCC/C=C/CCCCCCCCCCNC(=O)C(CCCOC(=O)CCC(C)CCCCC)NCCCCN(CC)CC,1,1,0.6901334956138065,4,mlp,random
14,10.1038/s41467-024-50619-z,CCCCCCC/C=C/C(=O)OCCCC(NCCCCN(CC)CC)C(=O)NCCCCCCCCCC/C=C/CCCCCCCCCC,1,1,0.5578495753955746,4,mlp,random
15,10.1038/s41467-024-50619-z,CCCCCCCC/C=C/CCCCCCC(=O)OCCC(NCCCCN(CC)CC)C(=O)NCCCCCCCCCC/C=C/CCCCCCCCCC,1,1,0.8119357920339774,2,mlp,random
16,10.1038/s41467-024-50619-z,CCCCCCCCCC/C=C/CCCCCCCCCCNC(=O)C(CCOC(=O)CCCC(C)CCCCC)NCCN1CCCCCC1,1,1,0.9312924546929524,3,mlp,random
17,10.1038/s41467-024-50619-z,CCCCCCC/C=C/C(=O)OCCC(NCCN1CCCCCC1)C(=O)NCCCCCCCCCC/C=C/CCCCCCCCCC,1,1,0.9098225375376097,1,mlp,random
18,10.1038/s41467-024-50619-z,CCCCCCCCCCCCCCCCCCNC(=O)C(CCOC(=O)CCC(C)CCCCC)NCCN1CCCCCC1,1,1,0.6564451223103439,4,mlp,random
19,10.1038/s41467-024-50619-z,CCCCCCCC/C=C/CCCCCCC(=O)OCCC(NCCN(C)C)C(=O)NCCCCCCCCCC/C=C/CCCCCCCCCC,0,1,0.9055462419344773,3,mlp,random
20,10.1038/s41467-024-50619-z,CCCCCCCCCC/C=C/CCCCCCCCCCNC(=O)C(CCCOC(=O)CCC(C)CCCCC)NCCCN(C)C,1,1,0.8647848769613213,1,mlp,random
21,10.1038/s41467-024-50619-z,CCCCCCC/C=C/C(=O)OCCCC(NCCCN(C)C)C(=O)NCCCCCCCCCC/C=C/CCCCCCCCCC,1,1,0.5811157813417572,4,mlp,random
22,10.1038/s41467-024-50619-z,CCCCCCCCCC/C=C/CCCCCCCCCCNC(=O)C(CCCOC(=O)CCC(C)CCCCC)NCCCN(C)C,1,1,0.8710115240119128,1,mlp,random
23,10.1038/s41467-024-50619-z,CCCCCCCCCCCCCCCCCCNC(=O)C(CCCOC(=O)CCC(C)CCCCC)NCCN(C)C,1,1,0.9482115543110047,3,mlp,random
24,10.1038/s41467-024-50619-z,CCCCCCC/C=C/C(=O)OCCC(NCCN(C)C)C(=O)NCCCCCCCCCC/C=C/CCCCCCCCCC,1,1,0.7530345177533913,2,mlp,random
25,10.1038/s41467-024-50619-z,CCCCCCCCCC/C=C/CCCCCCCCCCNC(=O)C(CCCOC(=O)CCC(C)CCCCC)NC1CCN(C(C)C)CC1,0,1,0.729459969827386,2,mlp,random
26,10.1038/s41467-024-50619-z,CCCCCCC/C=C/C(=O)OCCCC(NC1CCN(C(C)C)CC1)C(=O)NCCCCCCCCCC/C=C/CCCCCCCCCC,0,1,0.6724558885379416,4,mlp,random
27,10.1038/s41467-024-50619-z,CCCCCCCCCCCCCCCCCCNC(=O)C(CCCOC(=O)CCC(C)CCCCC)NC1CCN(C(C)C)CC1,0,1,0.6641884209596031,4,mlp,random
28,10.1038/s41467-024-50619-z,CCCCCCCCCC/C=C/CCCCCCCCCCNC(=O)C(CCOC(=O)CCC(C)CCCCC)NCCCN1CCOCC1,1,1,0.6620272658004759,4,mlp,random
29,10.1038/s41467-024-50619-z,CCCCCCCCC/C=C/C(=O)OCCCC(NCCCN1CCOCC1)C(=O)NCCCCCCCCCC/C=C/CCCCCCCCCC,0,1,0.9269325859954298,2,mlp,random
30,10.1038/s41467-024-50619-z,CCCCCCCCCCCCCCCCCCNC(=O)C(CCCOC(=O)CCC(C)CCCCC)NCCCN1CCOCC1,1,1,0.8489155790994235,0,mlp,random
31,10.1038/s41467-024-50619-z,structure_missing_lnp_31,0,0,0.4859015871861353,4,mlp,random
32,10.1038/s41467-024-50619-z,structure_missing_lnp_32,0,1,0.5802836067193033,1,mlp,random
33,10.1038/s41467-024-50619-z,structure_missing_lnp_33,0,1,0.5384412512452391,1,mlp,random
51,10.1126/sciadv.abf4398,structure_missing_lnp_51,1,0,0.3817036732823972,2,mlp,random
52,10.1126/sciadv.abf4398,CCCCCCCCCCC(O)CC1CN(CC(O)CCCCCCCCCC)CCN1CCCN(CC(O)CCCCCCCCC)CC(O)CCCCCCCCCC,1,1,0.838045992102883,0,mlp,random
53,10.1126/sciadv.abf4398,CCCCCCCCCCC(O)CN(CCCN1CCN(CCCN(CC(O)CCCCCCCCCC)CC(O)CCCCCCCCCC)CC1)CC(O)CCCCCCCCCC,1,1,0.7580710330819831,1,mlp,random
59,10.1126/sciadv.abf4398,CCCCCCCCCCC(O)CN(CCCN1CCN(CCCN(CC(O)CCCCCCCCCC)CC(O)CCCCCCCCCC)CC1)CC(O)CCCCCCCCCC,1,1,0.9363956602123951,2,mlp,random
63,10.1016/j.omtn.2019.01.013,CCCCC/C=C\C/C=C\CCCCCCCCC(CCCCCCCC/C=C\C/C=C\CCCCC)OC(=O)CCCN(C)C,1,0,0.45811584369255115,1,mlp,random
65,10.1016/j.omtn.2019.01.013,structure_missing_lnp_65,1,1,0.6032094402745181,1,mlp,random
66,10.1016/j.omtn.2019.01.013,structure_missing_lnp_66,1,0,0.4861999854697939,4,mlp,random
68,10.1016/j.omtn.2019.01.013,structure_missing_lnp_68,0,0,0.4861999854697939,4,mlp,random
69,10.1016/j.omtn.2019.01.013,structure_missing_lnp_69,1,1,0.5057994701081993,0,mlp,random
70,10.1021/acs.nanolett.5b02497,CCCCCCCCCCCCC(O)CN(CCN1CCN(CCN)C(CN(CC(O)CCCCCCCCCCCC)CN(CC(O)CCCCCCCCCCCC)CC(O)CCCCCCCCCCCC)C1)CC(O)CCCCCCCCCCCC,1,1,0.9908561255612839,3,mlp,random
71,10.1021/acs.nanolett.5b02497,CCCCCCCCCCCCC(O)CN(CCN1CCN(CCN)C(CN(CC(O)CCCCCCCCCCCC)CN(CC(O)CCCCCCCCCCCC)CC(O)CCCCCCCCCCCC)C1)CC(O)CCCCCCCCCCCC,1,1,0.9937890956321876,3,mlp,random
72,10.1021/acs.nanolett.5b02497,CCCCCCCCCCCCC(O)CN(CCN1CCN(CCN)C(CN(CC(O)CCCCCCCCCCCC)CN(CC(O)CCCCCCCCCCCC)CC(O)CCCCCCCCCCCC)C1)CC(O)CCCCCCCCCCCC,1,1,0.6575320958098174,4,mlp,random
73,10.1021/acs.nanolett.5b02497,CCCCCCCCCCCCC(O)CN(CCN1CCN(CCN)C(CN(CC(O)CCCCCCCCCCCC)CN(CC(O)CCCCCCCCCCCC)CC(O)CCCCCCCCCCCC)C1)CC(O)CCCCCCCCCCCC,1,1,0.9978272393289418,2,mlp,random
74,10.1021/acs.nanolett.5b02497,CCCCCCCCCCCCC(O)CN(CCN1CCN(CCN)C(CN(CC(O)CCCCCCCCCCCC)CN(CC(O)CCCCCCCCCCCC)CC(O)CCCCCCCCCCCC)C1)CC(O)CCCCCCCCCCCC,1,1,0.7629335100335966,4,mlp,random
75,10.1021/acs.nanolett.5b02497,CCCCCCCCCCCCC(O)CN(CCN1CCN(CCN)C(CN(CC(O)CCCCCCCCCCCC)CN(CC(O)CCCCCCCCCCCC)CC(O)CCCCCCCCCCCC)C1)CC(O)CCCCCCCCCCCC,1,1,0.9960196259782174,2,mlp,random
76,10.1021/acs.nanolett.5b02497,CCCCCCCCCCCCC(O)CN(CCN1CCN(CCN)C(CN(CC(O)CCCCCCCCCCCC)CN(CC(O)CCCCCCCCCCCC)CC(O)CCCCCCCCCCCC)C1)CC(O)CCCCCCCCCCCC,1,1,0.9935363862400254,3,mlp,random
78,10.1021/acs.nanolett.5b02497,CCCCCCCCCCCCC(O)CN(CCN1CCN(CCN)C(CN(CC(O)CCCCCCCCCCCC)CN(CC(O)CCCCCCCCCCCC)CC(O)CCCCCCCCCCCC)C1)CC(O)CCCCCCCCCCCC,1,1,0.9684001143457763,0,mlp,random
79,10.1021/acs.nanolett.5b02497,CCCCCCCCCCCCC(O)CN(CCN1CCN(CCN)C(CN(CC(O)CCCCCCCCCCCC)CN(CC(O)CCCCCCCCCCCC)CC(O)CCCCCCCCCCCC)C1)CC(O)CCCCCCCCCCCC,1,1,0.9572494213101486,0,mlp,random
80,10.1021/acs.nanolett.5b02497,CCCCCCCCCCCCC(O)CN(CCN1CCN(CCN)C(CN(CC(O)CCCCCCCCCCCC)CN(CC(O)CCCCCCCCCCCC)CC(O)CCCCCCCCCCCC)C1)CC(O)CCCCCCCCCCCC,1,1,0.9956212010176255,2,mlp,random
81,10.1021/acs.nanolett.5b02497,CCCCCCCCCCCCC(O)CN(CCN1CCN(CCN)C(CN(CC(O)CCCCCCCCCCCC)CN(CC(O)CCCCCCCCCCCC)CC(O)CCCCCCCCCCCC)C1)CC(O)CCCCCCCCCCCC,1,1,0.9914973814214192,1,mlp,random
83,10.1021/acs.nanolett.5b02497,CCCCCCCCCCCCC(O)CN(CCN1CCN(CCN)C(CN(CC(O)CCCCCCCCCCCC)CN(CC(O)CCCCCCCCCCCC)CC(O)CCCCCCCCCCCC)C1)CC(O)CCCCCCCCCCCC,1,1,0.7381351321885063,4,mlp,random
85,10.1021/acs.nanolett.5b02497,CCCCCCCCCCCCC(O)CN(CCN1CCN(CCN)C(CN(CC(O)CCCCCCCCCCCC)CN(CC(O)CCCCCCCCCCCC)CC(O)CCCCCCCCCCCC)C1)CC(O)CCCCCCCCCCCC,1,1,0.9682533180960053,0,mlp,random
86,10.1021/acs.nanolett.5b02497,CCCCCCCCCCCCC(O)CN(CCN1CCN(CCN)C(CN(CC(O)CCCCCCCCCCCC)CN(CC(O)CCCCCCCCCCCC)CC(O)CCCCCCCCCCCC)C1)CC(O)CCCCCCCCCCCC,1,1,0.9788448906695472,1,mlp,random
87,10.1021/acs.nanolett.5b02497,CCCCCCCCCCCCC(O)CN(CCN1CCN(CCN)C(CN(CC(O)CCCCCCCCCCCC)CN(CC(O)CCCCCCCCCCCC)CC(O)CCCCCCCCCCCC)C1)CC(O)CCCCCCCCCCCC,1,1,0.9957971379846732,2,mlp,random
88,10.1021/acs.nanolett.5b02497,CCCCCCCCCCCCC(O)CN(CCN1CCN(CCN)C(CN(CC(O)CCCCCCCCCCCC)CN(CC(O)CCCCCCCCCCCC)CC(O)CCCCCCCCCCCC)C1)CC(O)CCCCCCCCCCCC,1,1,0.9680856586382396,0,mlp,random
89,10.1021/acs.nanolett.5b02497,CCCCCCCCCCCCC(O)CN(CCN1CCN(CCN)C(CN(CC(O)CCCCCCCCCCCC)CN(CC(O)CCCCCCCCCCCC)CC(O)CCCCCCCCCCCC)C1)CC(O)CCCCCCCCCCCC,1,1,0.9961508520191281,2,mlp,random
90,10.1021/acs.nanolett.5b02497,CCCCCCCCCCCCC(O)CN(CCN1CCN(CCN)C(CN(CC(O)CCCCCCCCCCCC)CN(CC(O)CCCCCCCCCCCC)CC(O)CCCCCCCCCCCC)C1)CC(O)CCCCCCCCCCCC,1,1,0.7347072909616346,4,mlp,random
91,10.1021/acs.nanolett.5b02497,CCCCCCCCCCCCC(O)CN(CCN1CCN(CCN)C(CN(CC(O)CCCCCCCCCCCC)CN(CC(O)CCCCCCCCCCCC)CC(O)CCCCCCCCCCCC)C1)CC(O)CCCCCCCCCCCC,1,1,0.9954631150741146,2,mlp,random
92,10.1021/acs.nanolett.5b02497,CCCCCCCCCCCCC(O)CN(CCN1CCN(CCN)C(CN(CC(O)CCCCCCCCCCCC)CN(CC(O)CCCCCCCCCCCC)CC(O)CCCCCCCCCCCC)C1)CC(O)CCCCCCCCCCCC,1,1,0.9735439807780994,1,mlp,random
93,10.1021/acs.nanolett.5b02497,CCCCCCCCCCCCC(O)CN(CCN1CCN(CCN)C(CN(CC(O)CCCCCCCCCCCC)CN(CC(O)CCCCCCCCCCCC)CC(O)CCCCCCCCCCCC)C1)CC(O)CCCCCCCCCCCC,1,1,0.9963767120272196,2,mlp,random
94,10.1021/acs.nanolett.5b02497,CCCCCCCCCCCCC(O)CN(CCN1CCN(CCN)C(CN(CC(O)CCCCCCCCCCCC)CN(CC(O)CCCCCCCCCCCC)CC(O)CCCCCCCCCCCC)C1)CC(O)CCCCCCCCCCCC,1,1,0.9904010896660975,3,mlp,random
95,10.1021/acs.nanolett.5b02497,CCCCCCCCCCCCC(O)CN(CCN1CCN(CCN)C(CN(CC(O)CCCCCCCCCCCC)CN(CC(O)CCCCCCCCCCCC)CC(O)CCCCCCCCCCCC)C1)CC(O)CCCCCCCCCCCC,1,1,0.9700372969403835,0,mlp,random
96,10.1021/acs.nanolett.5b02497,CCCCCCCCCCCCC(O)CN(CCN1CCN(CCN)C(CN(CC(O)CCCCCCCCCCCC)CN(CC(O)CCCCCCCCCCCC)CC(O)CCCCCCCCCCCC)C1)CC(O)CCCCCCCCCCCC,1,1,0.9734045724791,1,mlp,random
97,10.1021/acs.nanolett.5b02497,CCCCCCCCCCCCC(O)CN(CCN1CCN(CCN)C(CN(CC(O)CCCCCCCCCCCC)CN(CC(O)CCCCCCCCCCCC)CC(O)CCCCCCCCCCCC)C1)CC(O)CCCCCCCCCCCC,1,1,0.9829057410200872,1,mlp,random
98,10.1021/acs.nanolett.5b02497,CCCCCCCCCCCCC(O)CN(CCN1CCN(CCN)C(CN(CC(O)CCCCCCCCCCCC)CN(CC(O)CCCCCCCCCCCC)CC(O)CCCCCCCCCCCC)C1)CC(O)CCCCCCCCCCCC,1,1,0.9671470341537389,0,mlp,random
99,10.1021/acs.nanolett.5b02497,CCCCCCCCCCCCC(O)CN(CCN1CCN(CCN)C(CN(CC(O)CCCCCCCCCCCC)CN(CC(O)CCCCCCCCCCCC)CC(O)CCCCCCCCCCCC)C1)CC(O)CCCCCCCCCCCC,1,1,0.9610756251548686,0,mlp,random
100,10.1021/acs.nanolett.5b02497,CCCCCCCCCCCCC(O)CN(CCN1CCN(CCN)C(CN(CC(O)CCCCCCCCCCCC)CN(CC(O)CCCCCCCCCCCC)CC(O)CCCCCCCCCCCC)C1)CC(O)CCCCCCCCCCCC,1,1,0.9797057779028686,1,mlp,random
101,10.1021/acs.nanolett.5b02497,CCCCCCCCCCCCC(O)CN(CCN1CCN(CCN)C(CN(CC(O)CCCCCCCCCCCC)CN(CC(O)CCCCCCCCCCCC)CC(O)CCCCCCCCCCCC)C1)CC(O)CCCCCCCCCCCC,1,1,0.9891825975821229,1,mlp,random
102,10.1021/acs.nanolett.5b02497,CCCCCCCCCCCCC(O)CN(CCN1CCN(CCN)C(CN(CC(O)CCCCCCCCCCCC)CN(CC(O)CCCCCCCCCCCC)CC(O)CCCCCCCCCCCC)C1)CC(O)CCCCCCCCCCCC,1,1,0.7241287568971022,4,mlp,random
103,10.1021/acs.nanolett.5b02497,CCCCCCCCCCCCC(O)CN(CCN1CCN(CCN)C(CN(CC(O)CCCCCCCCCCCC)CN(CC(O)CCCCCCCCCCCC)CC(O)CCCCCCCCCCCC)C1)CC(O)CCCCCCCCCCCC,1,1,0.7131261048328688,4,mlp,random
104,10.1021/acs.nanolett.5b02497,CCCCCCCCCCCCC(O)CN(CCN1CCN(CCN)C(CN(CC(O)CCCCCCCCCCCC)CN(CC(O)CCCCCCCCCCCC)CC(O)CCCCCCCCCCCC)C1)CC(O)CCCCCCCCCCCC,1,1,0.9728016215363394,1,mlp,random
105,10.1021/acs.nanolett.5b02497,CCCCCCCCCCCCC(O)CN(CCN1CCN(CCN)C(CN(CC(O)CCCCCCCCCCCC)CN(CC(O)CCCCCCCCCCCC)CC(O)CCCCCCCCCCCC)C1)CC(O)CCCCCCCCCCCC,1,1,0.9722441493100444,1,mlp,random
106,10.1021/acs.nanolett.5b02497,CCCCCCCCCCCCC(O)CN(CCN1CCN(CCN)C(CN(CC(O)CCCCCCCCCCCC)CN(CC(O)CCCCCCCCCCCC)CC(O)CCCCCCCCCCCC)C1)CC(O)CCCCCCCCCCCC,1,1,0.9892968062502127,3,mlp,random
107,10.1021/acs.nanolett.5b02497,CCCCCCCCCCCCC(O)CN(CCN1CCN(CCN)C(CN(CC(O)CCCCCCCCCCCC)CN(CC(O)CCCCCCCCCCCC)CC(O)CCCCCCCCCCCC)C1)CC(O)CCCCCCCCCCCC,1,1,0.9599878923009225,0,mlp,random
108,10.1021/acs.nanolett.5b02497,CCCCCCCCCCCCC(O)CN(CCN1CCN(CCN)C(CN(CC(O)CCCCCCCCCCCC)CN(CC(O)CCCCCCCCCCCC)CC(O)CCCCCCCCCCCC)C1)CC(O)CCCCCCCCCCCC,1,1,0.9891381225938115,3,mlp,random
113,10.1016/j.ymthe.2018.03.010,CCCCC/C=C\C/C=C\CCCCCCCCN(CCO)CCCCCCCC/C=C\C/C=C\CCCCC,0,1,0.8295295399250242,0,mlp,random
114,10.1016/j.ymthe.2018.03.010,CCCCCCCCCOC(=O)CCCCCCCN(CCO)CCCCCCCC(=O)OCCCCCCCCC,1,1,0.5853654115690449,2,mlp,random
115,10.1016/j.ymthe.2018.03.010,CCCCC/C=C\C/C=C\CCCCCCCCN(CCO)CCCCCCCC(=O)OCCCCCCCCC,1,1,0.5960947459878906,4,mlp,random
117,10.1016/j.ymthe.2018.03.010,CCCCCCCCCOC(=O)CCCCCCCN(CCO)CCCCCCCC(=O)OC(CCCCCCCC)CCCCCCCC,1,1,0.8809776211762052,0,mlp,random
118,10.1016/j.ymthe.2018.03.010,CCCCCCCCC(CCCCCCCC)OC(=O)CCCCCCCN(CCO)CCCCCCCC(=O)OC(CCCCCCCC)CCCCCCCC,0,1,0.822677011609715,0,mlp,random
120,10.1016/j.ymthe.2018.03.010,CCCCCCCCCCCOC(=O)CCCCCN(CCO)CCCCCCCC(=O)OC(CCCCCCCC)CCCCCCCC,1,1,0.841090116775533,0,mlp,random
121,10.1016/j.ymthe.2018.03.010,CCCCCCCCCOC(=O)CCCN(CCO)CCCCCCCC(=O)OC(CCCCCCCC)CCCCCCCC,1,1,0.6145406768271163,2,mlp,random
142,10.1073/pnas.1306529110,CCCCCCCCCCSCC(COC(=O)CCN(CCCN(C)C)CCC(=O)OCC(CSCCCCCCCCCC)SCCCCCCCCCC)SCCCCCCCCCC,1,1,0.543478379833155,3,mlp,random
143,10.1073/pnas.1306529110,CCCCCCCCCCSCC(COC(=O)CCN(CCCN(CC)CC)CCC(=O)OCC(CSCCCCCCCCCC)SCCCCCCCCCC)SCCCCCCCCCC,1,0,0.4147631211197654,3,mlp,random
144,10.1073/pnas.1306529110,CCCCCCCCCCSCC(COC(=O)CCN(CCC(=O)OCC(CSCCCCCCCCCC)SCCCCCCCCCC)CCN(C)C)SCCCCCCCCCC,1,1,0.5750902664250962,4,mlp,random
145,10.1073/pnas.1306529110,CCCCCCCCCCSCC(COC(=O)CCN(CCC(=O)OCC(CSCCCCCCCCCC)SCCCCCCCCCC)CCN(C(C)C)C(C)C)SCCCCCCCCCC,0,1,0.6375116699327479,1,mlp,random
146,10.1073/pnas.1306529110,CCCCCCCCCCSCC(COC(=O)CCN(CCC(=O)OCC(CSCCCCCCCCCC)SCCCCCCCCCC)CC(C)(C)CN(C)C)SCCCCCCCCCC,0,1,0.5970148431577307,3,mlp,random
147,10.1073/pnas.1306529110,CCCCCCCCCCSCC(COC(=O)CCN(CCCN(CCCC)CCCC)CCC(=O)OCC(CSCCCCCCCCCC)SCCCCCCCCCC)SCCCCCCCCCC,0,1,0.6528901571240501,0,mlp,random
148,10.1073/pnas.1306529110,CCCCCCCCCCSCC(COC(=O)CCN(CCC(=O)OCC(CSCCCCCCCCCC)SCCCCCCCCCC)CCN1CCCCC1)SCCCCCCCCCC,1,1,0.7087543734017651,2,mlp,random
149,10.1073/pnas.1306529110,CCCCCCCCCCSCC(COC(=O)CCN(CCC(=O)OCC(CSCCCCCCCCCC)SCCCCCCCCCC)CCN1CCOCC1)SCCCCCCCCCC,0,1,0.627697827904194,1,mlp,random
150,10.1073/pnas.1306529110,CCCCCCCCCCSCC(COC(=O)CCN(CCC(=O)OCC(CSCCCCCCCCCC)SCCCCCCCCCC)CCN1CCCC1)SCCCCCCCCCC,1,1,0.7726075120694279,1,mlp,random
151,10.1073/pnas.1306529110,CCCCCCCCCCSCC(COC(=O)CCN(CCC(=O)OCC(CSCCCCCCCCCC)SCCCCCCCCCC)C1CN(C)C1)SCCCCCCCCCC,0,1,0.7773581777748351,3,mlp,random
152,10.1073/pnas.1306529110,CCCCCCCCCCSCC(COC(=O)CCN(CCC(=O)OCC(CSCCCCCCCCCC)SCCCCCCCCCC)C1CCN(C)C1)SCCCCCCCCCC,1,1,0.5217271634203974,2,mlp,random
153,10.1073/pnas.1306529110,CCCCCCCCCCSCC(COC(=O)CCN(CCCN1CCCC1)CCC(=O)OCC(CSCCCCCCCCCC)SCCCCCCCCCC)SCCCCCCCCCC,1,1,0.5527849513944537,4,mlp,random
154,10.1073/pnas.1306529110,CCCCCCCCCCSCC(COC(=O)CCN(CCC(=O)OCC(CSCCCCCCCCCC)SCCCCCCCCCC)CCc1ccccn1)SCCCCCCCCCC,0,0,0.4982269274613211,4,mlp,random
155,10.1073/pnas.1306529110,CCCCCCCCCCSCC(COC(=O)CCN(CCC(=O)OCC(CSCCCCCCCCCC)SCCCCCCCCCC)CCN1CCC(C)C1)SCCCCCCCCCC,1,1,0.755558466469206,1,mlp,random
156,10.1073/pnas.1306529110,CCCCCCCCCCSCC(COC(=O)CCN(CCC(=O)OCC(CSCCCCCCCCCC)SCCCCCCCCCC)CCC1CCN(C)C1)SCCCCCCCCCC,1,1,0.6349367029183115,2,mlp,random
157,10.1073/pnas.1306529110,CCCCCCCCCCSCC(COC(=O)CCN(CCC(=O)OCC(CSCCCCCCCCCC)SCCCCCCCCCC)CCC1CCCN1C)SCCCCCCCCCC,1,1,0.737520314026697,1,mlp,random
158,10.1073/pnas.1306529110,CCCCCCCCCCSCC(COC(=O)CCN(CCC(=O)OCC(CSCCCCCCCCCC)SCCCCCCCCCC)CCN1CCCC1C)SCCCCCCCCCC,1,1,0.6045947197485978,4,mlp,random
159,10.1073/pnas.1306529110,CCCCCCCCCCSCC(COC(=O)CCN(CCC(=O)OCC(CSCCCCCCCCCC)SCCCCCCCCCC)CCC1CCCC1)SCCCCCCCCCC,0,1,0.6496357717429176,4,mlp,random
160,10.1073/pnas.1306529110,CCCCCCCCCCSCC(COC(=O)CCN(CCCN1CCCCC1C)CCC(=O)OCC(CSCCCCCCCCCC)SCCCCCCCCCC)SCCCCCCCCCC,1,1,0.7491793212011917,1,mlp,random
161,10.1073/pnas.1306529110,CCCCCCCCCCSCC(COC(=O)CCN(CCCn1ccnc1)CCC(=O)OCC(CSCCCCCCCCCC)SCCCCCCCCCC)SCCCCCCCCCC,0,0,0.4408045714215267,1,mlp,random
162,10.1073/pnas.1306529110,CCCCCCCCCCSCC(COC(=O)CCN(CCCN1CCCN(C)CC1)CCC(=O)OCC(CSCCCCCCCCCC)SCCCCCCCCCC)SCCCCCCCCCC,0,1,0.9014730326720686,2,mlp,random
163,10.1073/pnas.1306529110,CCCCCCCCCCSCC(COC(=O)CCN(CCCN1CCN(C)CC1)CCC(=O)OCC(CSCCCCCCCCCC)SCCCCCCCCCC)SCCCCCCCCCC,1,1,0.6018423460084362,4,mlp,random
164,10.1073/pnas.1306529110,CCCCCCCCCCSCC(COC(=O)CCN(CCC(=O)OCC(CSCCCCCCCCCC)SCCCCCCCCCC)CCN1CCN(C)CC1)SCCCCCCCCCC,1,1,0.5720979631615534,0,mlp,random
165,10.1073/pnas.1306529110,CCCCCCCCCCSCC(COC(=O)CCN(CCC(=O)OCC(CSCCCCCCCCCC)SCCCCCCCCCC)CCN1CCCN(C)CC1)SCCCCCCCCCC,0,1,0.7466115000674609,1,mlp,random
166,10.1073/pnas.1306529110,CCCCCCCCCCSCC(COC(=O)CCN(CCC(=O)OCC(CSCCCCCCCCCC)SCCCCCCCCCC)CC1CN(C)CCN1C)SCCCCCCCCCC,1,1,0.6315268644394676,3,mlp,random
167,10.1073/pnas.1306529110,CCCCCCCCCCSCC(COC(=O)CCN(CCCC)CCC(=O)OCC(CSCCCCCCCCCC)SCCCCCCCCCC)SCCCCCCCCCC,0,1,0.5624263401395082,1,mlp,random
168,10.1073/pnas.1306529110,CCCCCCCCCCSCC(COC(=O)CCN(CCC(=O)OCC(CSCCCCCCCCCC)SCCCCCCCCCC)C1CCN(C)CC1)SCCCCCCCCCC,1,1,0.7142965381416492,3,mlp,random
169,10.1073/pnas.1306529110,CCCCCCCCCCSCC(COC(=O)CCN(CCC(=O)OCC(CSCCCCCCCCCC)SCCCCCCCCCC)CCN1CCS(=O)(=O)CC1)SCCCCCCCCCC,0,1,0.5300103478753203,0,mlp,random
170,10.1073/pnas.1306529110,CCCCCCCCCCSCC(COC(=O)CCN(CCC(=O)OCC(CSCCCCCCCCCC)SCCCCCCCCCC)C1CCN(Cc2ccccc2)CC1)SCCCCCCCCCC,1,0,0.22699662093241385,2,mlp,random
171,10.1073/pnas.1306529110,CCCCCCCCCCSCC(COC(=O)CCN(CCC(=O)OCC(CSCCCCCCCCCC)SCCCCCCCCCC)C1CCN(Cc2ccccc2)C1)SCCCCCCCCCC,0,1,0.8854101802809989,3,mlp,random
172,10.1073/pnas.1306529110,CCCCCCCCCCSCC(COC(=O)CCN(CCC(=O)OCC(CSCCCCCCCCCC)SCCCCCCCCCC)C(C)CN(C)C)SCCCCCCCCCC,1,1,0.5685962266817516,4,mlp,random
173,10.1073/pnas.1306529110,CCCCCCCCCCSCC(COC(=O)CCN(C)CCN(C)CCC(=O)OCC(CSCCCCCCCCCC)SCCCCCCCCCC)SCCCCCCCCCC,1,1,0.6029387428458589,1,mlp,random
175,10.1126/sciadv.abc2315,CCCCCCCC=CC=CCCCCCCCCN(CCCCCCCC=CC=CCCCCCCCCC)CCCNC(=O)c1cc(C(=O)NCCCN(CCCCCCCC=CC=CCCCCCCCCC)CCCCCCCC=CC=CCCCCCCCCC)cc(C(=O)NCCN(CCCCCCCC=CC=CCCCCCCCCC)CCCCCCCC=CC=CCCCCCCCCC)c1,0,0,0.11419689543094869,3,mlp,random
176,10.1126/sciadv.abc2315,CCCCCCCCCCOC(=O)CCCCCCCCCN(CCCCCCCCCCOC(=O)CCCCCCCCCC)CCCNC(=O)c1cc(C(=O)NCCCN(CCCCCCCCCCOC(=O)CCCCCCCCCC)CCCCCCCCCCOC(=O)CCCCCCCCCC)cc(C(=O)NCCN(CCCCCCCCCCOC(=O)CCCCCCCCCC)CCCCCCCCCCOC(=O)CCCCCCCCCC)c1,0,1,0.5592525953427149,4,mlp,random
177,10.1126/sciadv.abc2315,CCCCCCCCCCC(=O)OC(CC)CCN(CCCCCCCCCC(=O)OC(CC)CC)CCCNC(=O)c1cc(C(=O)NCCCN(CCC(CC)OC(=O)CCCCCCCCCC)CCC(CC)OC(=O)CCCCCCCCCC)cc(C(=O)NCCN(CCC(CC)OC(=O)CCCCCCCCCC)CCC(CC)OC(=O)CCCCCCCCCC)c1,0,1,0.6219365375931316,4,mlp,random
178,10.1126/sciadv.abc2315,CCCCCCCCC(=O)OCCCC(CCC)CN(CCCCCCCC(=O)OCCCC(C)CCC)CCCNC(=O)c1cc(C(=O)NCCCN(CC(CCC)CCCOC(=O)CCCCCCCC)CC(CCC)CCCOC(=O)CCCCCCCC)cc(C(=O)NCCN(CC(CCC)CCCOC(=O)CCCCCCCC)CC(CCC)CCCOC(=O)CCCCCCCC)c1,0,0,0.1587131111865628,2,mlp,random
179,10.1126/sciadv.abc2315,CCCCCCCCC(=O)OCC(CCCC)CCN(CCCCCCCC(=O)OCC(CC)CCCC)CCCNC(=O)c1cc(C(=O)NCCCN(CCC(CCCC)COC(=O)CCCCCCCC)CCC(CCCC)COC(=O)CCCCCCCC)cc(C(=O)NCCN(CCC(CCCC)COC(=O)CCCCCCCC)CCC(CCCC)COC(=O)CCCCCCCC)c1,0,1,0.6415303085176775,4,mlp,random
180,10.1126/sciadv.abc2315,CCCCCCCCC(=O)OC(C)CCCCCCCN(CCCCCCCC(=O)OC(C)CCCCCCC)CCCNC(=O)c1cc(C(=O)NCCCN(CCCCCCCC(C)OC(=O)CCCCCCCC)CCCCCCCC(C)OC(=O)CCCCCCCC)cc(C(=O)NCCN(CCCCCCCC(C)OC(=O)CCCCCCCC)CCCCCCCC(C)OC(=O)CCCCCCCC)c1,0,0,0.07462780332620819,0,mlp,random
181,10.1126/sciadv.abc2315,CCCCCCC=CCOC(=O)CCCCCCCN(CCCCCCC=CCOC(=O)CCCCCCCC)CCCNC(=O)c1cc(C(=O)NCCCN(CCCCCCC=CCOC(=O)CCCCCCCC)CCCCCCC=CCOC(=O)CCCCCCCC)cc(C(=O)NCCN(CCCCCCC=CCOC(=O)CCCCCCCC)CCCCCCC=CCOC(=O)CCCCCCCC)c1,0,0,0.04495443469135573,3,mlp,random
182,10.1126/sciadv.abc2315,CCCCCCC=CCCOC(=O)CCCCCCCN(CCCCCCC=CCCOC(=O)CCCCCCCC)CCCNC(=O)c1cc(C(=O)NCCCN(CCCCCCC=CCCOC(=O)CCCCCCCC)CCCCCCC=CCCOC(=O)CCCCCCCC)cc(C(=O)NCCN(CCCCCCC=CCCOC(=O)CCCCCCCC)CCCCCCC=CCCOC(=O)CCCCCCCC)c1,0,0,0.023657812490236296,2,mlp,random
183,10.1126/sciadv.abc2315,CCCCCCCCCCOC(=O)CCCCCCCN(CCCCCCCCCCOC(=O)CCCCCCCC)CCCNC(=O)c1cc(C(=O)NCCCN(CCCCCCCCCCOC(=O)CCCCCCCC)CCCCCCCCCCOC(=O)CCCCCCCC)cc(C(=O)NCCN(CCCCCCCCCCOC(=O)CCCCCCCC)CCCCCCCCCCOC(=O)CCCCCCCC)c1,0,0,0.04228643015000035,3,mlp,random
184,10.1126/sciadv.abc2315,CCC=CCOC(=O)CCCCCCCCN(CCC=CCOC(=O)CCCCCCCCC)CCCNC(=O)c1cc(C(=O)NCCCN(CCC=CCOC(=O)CCCCCCCCC)CCC=CCOC(=O)CCCCCCCCC)cc(C(=O)NCCN(CCC=CCOC(=O)CCCCCCCCC)CCC=CCOC(=O)CCCCCCCCC)c1,0,0,0.04430687297865259,3,mlp,random
189,10.1016/j.nano.2016.12.014,CCCCC/C=C\C/C=C\CCCCCCCCC1(CCCCCCCC/C=C\C/C=C\CCCCC)OCC(CCN(C)C)O1,1,1,0.9418127214367578,2,mlp,random
190,10.1016/j.nano.2016.12.014,CCCCC/C=C\C/C=C\CCCCCCCCC1(CCCCCCCC/C=C\C/C=C\CCCCC)OCC(CCN(C)C)O1,1,1,0.9299918540263042,0,mlp,random
191,10.1016/j.nano.2016.12.014,CCCCC/C=C\C/C=C\CCCCCCCCC1(CCCCCCCC/C=C\C/C=C\CCCCC)OCC(CCN(C)C)O1,1,1,0.5925129681887241,4,mlp,random
193,10.1038/mtna.2014.61,CCCCC/C=C\C/C=C\CCCCCCCCC(CCCCCCCC/C=C\C/C=C\CCCCC)OC(=O)CCCN(C)C,1,1,0.5829379348946746,0,mlp,random
194,10.1038/mtna.2014.61,CCCCC/C=C\C/C=C\CCCCCCCCC(CCCCCCCC/C=C\C/C=C\CCCCC)OC(=O)CCCN(C)C,1,1,0.6276599501138377,0,mlp,random
195,10.1038/mtna.2014.61,CCCCC/C=C\C/C=C\CCCCCCCCC(CCCCCCCC/C=C\C/C=C\CCCCC)OC(=O)CCCN(C)C,0,1,0.7344612043804621,1,mlp,random
198,10.1002/adma.201606944,CCCCC/C=C\C/C=C\CCCCCCCC(=O)OCCN(CCCCC1NC(=O)C(CCCCN(CCOC(=O)CCCCCCC/C=C\C/C=C\CCCCC)CCOC(=O)CCCCCCC/C=C\C/C=C\CCCCC)NC1=O)CCOC(=O)CCCCCCC/C=C\C/C=C\CCCCC,1,0,0.1607154592688031,3,mlp,random
199,10.1002/adma.201606944,CCCCC/C=C\C/C=C\CCCCCCCC(=O)OCCN(CCCCC1NC(=O)C(CCCCN(CCOC(=O)CCCCCCC/C=C\C/C=C\CCCCC)CCOC(=O)CCCCCCC/C=C\C/C=C\CCCCC)NC1=O)CCOC(=O)CCCCCCC/C=C\C/C=C\CCCCC,1,0,0.1607154592688031,3,mlp,random
204,10.1038/s41467-024-45422-9,CCCC(CC)CC(=O)Oc1cc(CN2CCC(N)CC2)cc(OC(=O)CC(CC)CCC)c1O,1,1,0.9712425031627697,1,mlp,random
205,10.1038/s41467-024-45422-9,CCCC(CC)CC(=O)Oc1cc(CN2CCN(CCN)CC2)cc(OC(=O)CC(CC)CCC)c1O,1,1,0.7620979579812028,0,mlp,random
210,10.1038/s41467-024-45422-9,CCCCC(CC)CC(=O)Oc1cc(CN2CCC(N)CC2)cc(OC(=O)CC(CC)CCCC)c1O,0,1,0.9950272807938134,3,mlp,random
211,10.1038/s41467-024-45422-9,CCCCC(CC)CC(=O)Oc1cc(CN2CCN(CCN)CC2)cc(OC(=O)CC(CC)CCCC)c1O,1,1,0.8112922622599246,0,mlp,random
225,10.1038/s41467-024-45422-9,CCCCCC(CC)CC(=O)Oc1cc(CN(CCN)CCCN)cc(OC(=O)CC(CC)CCCCC)c1O,1,1,0.699362343961647,4,mlp,random
226,10.1038/s41467-024-45422-9,CCCCC/C=C\C/C=C\CCCCCCCCC(CCCCCCCC/C=C\C/C=C\CCCCC)OC(=O)CCCN(C)C,0,1,0.550109131493109,0,mlp,random
258,10.1038/s41467-024-45422-9,CCCCCC(CC)CC(=O)Oc1cc(CNCCCCN)cc(OC(=O)CC(CC)CCCCC)c1OC(=O)CC(CC)CCCCC,1,1,0.7130351674880557,4,mlp,random
340,10.1039/d0bm01609h,CCCCCCCCCCCCC(O)CN(CCN1CCN(CCN)C(CN(CC(O)CCCCCCCCCCCC)CN(CC(O)CCCCCCCCCCCC)CC(O)CCCCCCCCCCCC)C1)CC(O)CCCCCCCCCCCC,1,1,0.9697696228774867,0,mlp,random
388,10.1039/d0bm01609h,CCCCCCCCCCCCC(O)CN(CCN1CCN(CCN)C(CN(CC(O)CCCCCCCCCCCC)CN(CC(O)CCCCCCCCCCCC)CC(O)CCCCCCCCCCCC)C1)CC(O)CCCCCCCCCCCC,1,1,0.9989466873213882,2,mlp,random
396,10.1016/j.omtn.2020.01.018,structure_missing_lnp_396,0,1,0.6473379687769997,0,mlp,random
398,10.1016/j.omtn.2020.01.018,structure_missing_lnp_398,0,1,0.5401380316116466,4,mlp,random
400,10.1016/j.omtn.2020.01.018,structure_missing_lnp_400,0,1,0.6445649529934235,0,mlp,random
402,10.1016/j.omtn.2020.01.018,structure_missing_lnp_402,0,1,0.5742849088056592,4,mlp,random
404,10.1016/j.omtn.2020.01.018,structure_missing_lnp_404,1,1,0.6639024284185564,0,mlp,random
406,10.1016/j.omtn.2020.01.018,structure_missing_lnp_406,1,0,0.49703273954292315,3,mlp,random
408,10.1016/j.omtn.2020.01.018,structure_missing_lnp_408,1,0,0.4981025804060569,3,mlp,random
410,10.1016/j.omtn.2020.01.018,structure_missing_lnp_410,1,1,0.7455831865946556,1,mlp,random
412,10.1016/j.omtn.2020.01.018,structure_missing_lnp_412,1,1,0.5537653682800224,2,mlp,random
414,10.1016/j.omtn.2020.01.018,structure_missing_lnp_414,1,1,0.6612854873000875,0,mlp,random
416,10.1016/j.omtn.2020.01.018,structure_missing_lnp_416,0,1,0.7565086727835185,1,mlp,random
418,10.1016/j.omtn.2020.01.018,structure_missing_lnp_418,0,1,0.5905152635712976,4,mlp,random
420,10.1016/j.omtn.2020.01.018,structure_missing_lnp_420,1,0,0.4977557685551216,3,mlp,random
422,10.1016/j.omtn.2020.01.018,structure_missing_lnp_422,1,1,0.7246610719143447,1,mlp,random
424,10.1016/j.omtn.2020.01.018,structure_missing_lnp_424,1,0,0.48935699328017834,3,mlp,random
426,10.1016/j.omtn.2020.01.018,structure_missing_lnp_426,1,1,0.554945006237588,2,mlp,random
428,10.1016/j.omtn.2020.01.018,structure_missing_lnp_428,0,1,0.7430223884240149,1,mlp,random
430,10.1073/pnas.1520244113,structure_missing_lnp_430,1,1,0.5499314006957714,4,mlp,random
433,10.1002/anie.201809056,structure_missing_lnp_433,0,0,0.4573047691738565,4,mlp,random
435,10.1002/anie.201809056,structure_missing_lnp_435,0,0,0.45776579272172757,4,mlp,random
437,10.1002/anie.201809056,structure_missing_lnp_437,0,0,0.3383616117268548,0,mlp,random
440,10.1002/anie.201809056,structure_missing_lnp_440,0,0,0.47950293204389105,3,mlp,random
442,10.1002/anie.201809056,structure_missing_lnp_442,0,0,0.47990008157696573,3,mlp,random
444,10.1002/anie.201809056,CCCCC/C=C\C/C=C\CCCCCCCC(=O)OCCN(CCCCC1NC(=O)C(CCCCN(CCOC(=O)CCCCCCC/C=C\C/C=C\CCCCC)CCOC(=O)CCCCCCC/C=C\C/C=C\CCCCC)NC1=O)CCOC(=O)CCCCCCC/C=C\C/C=C\CCCCC,0,1,0.688130346425341,4,mlp,random
446,10.1002/anie.201809056,CCCCC/C=C\C/C=C\CCCCCCCC(=O)OCCCCN(CCCCOC(=O)CCCCCCC/C=C\C/C=C\CCCCC)CCCC[C@@H]1NC(=O)[C@H](CCCCN(CCCCOC(=O)CCCCCCC/C=C\C/C=C\CCCCC)CCCCOC(=O)CCCCCCC/C=C\C/C=C\CCCCC)NC1=O,0,1,0.6471973883052979,4,mlp,random
448,10.1002/anie.201809056,structure_missing_lnp_448,0,1,0.5209672733084657,3,mlp,random
462,10.1016/j.jconrel.2019.10.028,CCCCCCCCCCCCC(O)CN(CCN1CCN(CCN)C(CN(CC(O)CCCCCCCCCCCC)CN(CC(O)CCCCCCCCCCCC)CC(O)CCCCCCCCCCCC)C1)CC(O)CCCCCCCCCCCC,1,1,0.9224365453988846,1,mlp,random
463,10.1016/j.jconrel.2019.10.028,CCCCCCCCCCCCC(O)CN(CCN1CCN(CCN)C(CN(CC(O)CCCCCCCCCCCC)CN(CC(O)CCCCCCCCCCCC)CC(O)CCCCCCCCCCCC)C1)CC(O)CCCCCCCCCCCC,1,1,0.9887338868538754,2,mlp,random
464,10.1016/j.jconrel.2019.10.028,CCCCCCCCCCCCC(O)CN(CCN1CCN(CCN)C(CN(CC(O)CCCCCCCCCCCC)CN(CC(O)CCCCCCCCCCCC)CC(O)CCCCCCCCCCCC)C1)CC(O)CCCCCCCCCCCC,1,1,0.905241712120865,0,mlp,random
465,10.1016/j.jconrel.2019.10.028,CCCCCCCCCCCCC(O)CN(CCN1CCN(CCN)C(CN(CC(O)CCCCCCCCCCCC)CN(CC(O)CCCCCCCCCCCC)CC(O)CCCCCCCCCCCC)C1)CC(O)CCCCCCCCCCCC,1,1,0.9685580829015454,3,mlp,random
473,10.1073/pnas.2409572122,structure_missing_lnp_473,0,1,0.6926636102933912,2,mlp,random
474,10.1073/pnas.2409572122,structure_missing_lnp_474,0,1,0.6072157209872919,1,mlp,random
476,10.1039/d5nr00433k,CCCCC/C=C\C/C=C\CCCCCCC(O)CN(CCCCC1NC(=O)C(CCCCN(CC(O)CCCCCC/C=C\C/C=C\CCCCC)CC(O)CCCCCC/C=C\C/C=C\CCCCC)NC1=O)CC(O)CCCCCC/C=C\C/C=C\CCCCC,1,0,0.49652474814481923,0,mlp,random
477,10.1039/d5nr00433k,CCCCC/C=C\C/C=C\CCCCCCC(O)CN(CCCCC1NC(=O)C(CCCCN(CC(O)CCCCCC/C=C\C/C=C\CCCCC)CC(O)CCCCCC/C=C\C/C=C\CCCCC)NC1=O)CC(O)CCCCCC/C=C\C/C=C\CCCCC,1,1,0.5993115650757058,2,mlp,random
478,10.1039/d5nr00433k,CCCCC/C=C\C/C=C\CCCCCCC(O)CN(CCCCC1NC(=O)C(CCCCN(CC(O)CCCCCC/C=C\C/C=C\CCCCC)CC(O)CCCCCC/C=C\C/C=C\CCCCC)NC1=O)CC(O)CCCCCC/C=C\C/C=C\CCCCC,1,1,0.5130435262316767,3,mlp,random
479,10.1039/d5nr00433k,CCCCC/C=C\C/C=C\CCCCCCC(O)CN(CCCCC1NC(=O)C(CCCCN(CC(O)CCCCCC/C=C\C/C=C\CCCCC)CC(O)CCCCCC/C=C\C/C=C\CCCCC)NC1=O)CC(O)CCCCCC/C=C\C/C=C\CCCCC,0,1,0.6061915567816789,2,mlp,random
480,10.1039/d5nr00433k,CCCCC/C=C\C/C=C\CCCCCCC(O)CN(CCCCC1NC(=O)C(CCCCN(CC(O)CCCCCC/C=C\C/C=C\CCCCC)CC(O)CCCCCC/C=C\C/C=C\CCCCC)NC1=O)CC(O)CCCCCC/C=C\C/C=C\CCCCC,0,1,0.5850771115643777,1,mlp,random
481,10.1039/d5nr00433k,CCCCC/C=C\C/C=C\CCCCCCC(O)CN(CCCCC1NC(=O)C(CCCCN(CC(O)CCCCCC/C=C\C/C=C\CCCCC)CC(O)CCCCCC/C=C\C/C=C\CCCCC)NC1=O)CC(O)CCCCCC/C=C\C/C=C\CCCCC,0,1,0.6950810687851634,1,mlp,random
482,10.1039/d5nr00433k,CCCCC/C=C\C/C=C\CCCCCCC(O)CN(CCCCC1NC(=O)C(CCCCN(CC(O)CCCCCC/C=C\C/C=C\CCCCC)CC(O)CCCCCC/C=C\C/C=C\CCCCC)NC1=O)CC(O)CCCCCC/C=C\C/C=C\CCCCC,0,1,0.6414186714429906,1,mlp,random
483,10.1039/d5nr00433k,CCCCC/C=C\C/C=C\CCCCCCC(O)CN(CCCCC1NC(=O)C(CCCCN(CC(O)CCCCCC/C=C\C/C=C\CCCCC)CC(O)CCCCCC/C=C\C/C=C\CCCCC)NC1=O)CC(O)CCCCCC/C=C\C/C=C\CCCCC,1,1,0.5975299980426153,2,mlp,random
484,10.1039/d5nr00433k,CCCCC/C=C\C/C=C\CCCCCCC(O)CN(CCCCC1NC(=O)C(CCCCN(CC(O)CCCCCC/C=C\C/C=C\CCCCC)CC(O)CCCCCC/C=C\C/C=C\CCCCC)NC1=O)CC(O)CCCCCC/C=C\C/C=C\CCCCC,0,0,0.4992085795019131,3,mlp,random
485,10.1039/d5nr00433k,CCCCC/C=C\C/C=C\CCCCCCC(O)CN(CCCCC1NC(=O)C(CCCCN(CC(O)CCCCCC/C=C\C/C=C\CCCCC)CC(O)CCCCCC/C=C\C/C=C\CCCCC)NC1=O)CC(O)CCCCCC/C=C\C/C=C\CCCCC,1,1,0.5694690983119793,0,mlp,random
486,10.1039/d5nr00433k,CCCCC/C=C\C/C=C\CCCCCCC(O)CN(CCCCC1NC(=O)C(CCCCN(CC(O)CCCCCC/C=C\C/C=C\CCCCC)CC(O)CCCCCC/C=C\C/C=C\CCCCC)NC1=O)CC(O)CCCCCC/C=C\C/C=C\CCCCC,0,0,0.47683610815551947,3,mlp,random
487,10.1039/d5nr00433k,CCCCC/C=C\C/C=C\CCCCCCC(O)CN(CCCCC1NC(=O)C(CCCCN(CC(O)CCCCCC/C=C\C/C=C\CCCCC)CC(O)CCCCCC/C=C\C/C=C\CCCCC)NC1=O)CC(O)CCCCCC/C=C\C/C=C\CCCCC,1,1,0.57291278328046,2,mlp,random
488,10.1039/d5nr00433k,CCCCC/C=C\C/C=C\CCCCCCC(O)CN(CCCCC1NC(=O)C(CCCCN(CC(O)CCCCCC/C=C\C/C=C\CCCCC)CC(O)CCCCCC/C=C\C/C=C\CCCCC)NC1=O)CC(O)CCCCCC/C=C\C/C=C\CCCCC,0,1,0.6907222375830325,4,mlp,random
489,10.1039/d5nr00433k,CCCCC/C=C\C/C=C\CCCCCCC(O)CN(CCCCC1NC(=O)C(CCCCN(CC(O)CCCCCC/C=C\C/C=C\CCCCC)CC(O)CCCCCC/C=C\C/C=C\CCCCC)NC1=O)CC(O)CCCCCC/C=C\C/C=C\CCCCC,1,1,0.6172149055892101,1,mlp,random
490,10.1039/d5nr00433k,CCCCC/C=C\C/C=C\CCCCCCC(O)CN(CCCCC1NC(=O)C(CCCCN(CC(O)CCCCCC/C=C\C/C=C\CCCCC)CC(O)CCCCCC/C=C\C/C=C\CCCCC)NC1=O)CC(O)CCCCCC/C=C\C/C=C\CCCCC,1,1,0.6297046000612878,1,mlp,random
491,10.1039/d5nr00433k,CCCCC/C=C\C/C=C\CCCCCCC(O)CN(CCCCC1NC(=O)C(CCCCN(CC(O)CCCCCC/C=C\C/C=C\CCCCC)CC(O)CCCCCC/C=C\C/C=C\CCCCC)NC1=O)CC(O)CCCCCC/C=C\C/C=C\CCCCC,1,1,0.508572424865617,3,mlp,random
492,10.1039/d5nr00433k,CCCCC/C=C\C/C=C\CCCCCCC(O)CN(CCCCC1NC(=O)C(CCCCN(CC(O)CCCCCC/C=C\C/C=C\CCCCC)CC(O)CCCCCC/C=C\C/C=C\CCCCC)NC1=O)CC(O)CCCCCC/C=C\C/C=C\CCCCC,1,1,0.6013432517371641,1,mlp,random
493,10.1039/d5nr00433k,CCCCC/C=C\C/C=C\CCCCCCC(O)CN(CCCCC1NC(=O)C(CCCCN(CC(O)CCCCCC/C=C\C/C=C\CCCCC)CC(O)CCCCCC/C=C\C/C=C\CCCCC)NC1=O)CC(O)CCCCCC/C=C\C/C=C\CCCCC,1,1,0.6074173137000249,1,mlp,random
494,10.1039/d5nr00433k,CCCCC/C=C\C/C=C\CCCCCCC(O)CN(CCCCC1NC(=O)C(CCCCN(CC(O)CCCCCC/C=C\C/C=C\CCCCC)CC(O)CCCCCC/C=C\C/C=C\CCCCC)NC1=O)CC(O)CCCCCC/C=C\C/C=C\CCCCC,1,1,0.5098259976558438,3,mlp,random
495,10.1039/d5nr00433k,CCCCC/C=C\C/C=C\CCCCCCC(O)CN(CCCCC1NC(=O)C(CCCCN(CC(O)CCCCCC/C=C\C/C=C\CCCCC)CC(O)CCCCCC/C=C\C/C=C\CCCCC)NC1=O)CC(O)CCCCCC/C=C\C/C=C\CCCCC,1,1,0.6133944982193287,1,mlp,random
496,10.1039/d5nr00433k,CCCCC/C=C\C/C=C\CCCCCCC(O)CN(CCCCC1NC(=O)C(CCCCN(CC(O)CCCCCC/C=C\C/C=C\CCCCC)CC(O)CCCCCC/C=C\C/C=C\CCCCC)NC1=O)CC(O)CCCCCC/C=C\C/C=C\CCCCC,1,0,0.4869374659388463,0,mlp,random
497,10.1039/d5nr00433k,CCCCC/C=C\C/C=C\CCCCCCC(O)CN(CCCCC1NC(=O)C(CCCCN(CC(O)CCCCCC/C=C\C/C=C\CCCCC)CC(O)CCCCCC/C=C\C/C=C\CCCCC)NC1=O)CC(O)CCCCCC/C=C\C/C=C\CCCCC,0,1,0.5976821773603657,0,mlp,random
498,10.1039/d5nr00433k,CCCCC/C=C\C/C=C\CCCCCCC(O)CN(CCCCC1NC(=O)C(CCCCN(CC(O)CCCCCC/C=C\C/C=C\CCCCC)CC(O)CCCCCC/C=C\C/C=C\CCCCC)NC1=O)CC(O)CCCCCC/C=C\C/C=C\CCCCC,0,1,0.6396538372329156,0,mlp,random
499,10.1039/d5nr00433k,CCCCC/C=C\C/C=C\CCCCCCC(O)CN(CCCCC1NC(=O)C(CCCCN(CC(O)CCCCCC/C=C\C/C=C\CCCCC)CC(O)CCCCCC/C=C\C/C=C\CCCCC)NC1=O)CC(O)CCCCCC/C=C\C/C=C\CCCCC,1,1,0.5619128057382031,0,mlp,random
500,10.1039/d5nr00433k,CCCCC/C=C\C/C=C\CCCCCCC(O)CN(CCCCC1NC(=O)C(CCCCN(CC(O)CCCCCC/C=C\C/C=C\CCCCC)CC(O)CCCCCC/C=C\C/C=C\CCCCC)NC1=O)CC(O)CCCCCC/C=C\C/C=C\CCCCC,1,1,0.5299205312468406,3,mlp,random
514,10.34133/bmr.0017,CCCCCC/C=C\COC(=O)CCCCCCCCN(CCCCCCCCC(=O)OC/C=C\CCCCCC)CCN1CCN(CCCCCCCCC(=O)OC/C=C\CCCCCC)CC1,0,1,0.6640348161679096,4,mlp,random
516,10.1002/adfm.202106727,CCCCCCCCCOC(=O)CCCCCCCN(CCCO)CCCCCCCC(=O)OC(CCCCCCCC)CCCCCCCC,1,1,0.9237959453884653,1,mlp,random
517,10.1002/adfm.202106727,CCCCCCCCCOC(=O)CCCCCCCN(CCCCO)CCCCCCCC(=O)OC(CCCCCCCC)CCCCCCCC,1,1,0.9588615773346975,3,mlp,random
518,10.1002/adfm.202106727,CCCCCCCCCOC(=O)CCCCCCCN(CCCCCCCC(=O)OC(CCCCCCCC)CCCCCCCC)CCCNC(C)=O,1,1,0.9503329671616996,2,mlp,random
519,10.1002/adfm.202106727,CCCCCCCCCOC(=O)CCCCCCCN(CCCCCCCC(=O)OC(CCCCCCCC)CCCCCCCC)CCCNS(C)(=O)=O,1,1,0.9147213661046336,1,mlp,random
520,10.1002/adfm.202106727,CCCCCCCCCOC(=O)CCCCCCCN(CCCCCCCC(=O)OC(CCCCCCCC)CCCCCCCC)CCCNC(=O)N(C)C,1,1,0.8687729502905878,2,mlp,random
521,10.1002/adfm.202106727,CCCCCCCCCOC(=O)CCCCCCCN(CCCCCCCC(=O)OC(CCCCCCCC)CCCCCCCC)CCCNC(=S)N(C)C,1,1,0.9339880566641618,1,mlp,random
522,10.1002/adfm.202106727,CCCCCCCCCOC(=O)CCCCCCCN(CCCCCCCC(=O)OC(CCCCCCCC)CCCCCCCC)CCCNC(=O)NC,1,1,0.6385705996582665,4,mlp,random
523,10.1002/adfm.202106727,CCCCCCCCCOC(=O)CCCCCCCN(CCCCCCCC(=O)OC(CCCCCCCC)CCCCCCCC)CCCNC(=S)NC,1,1,0.9901419699409423,2,mlp,random
524,10.1002/adfm.202106727,CCCCCCCCCOC(=O)CCCCCCCN(CCCCCCCC(=O)OC(CCCCCCCC)CCCCCCCC)CCCOC(=O)NC,1,1,0.6120136550593757,4,mlp,random
526,10.1002/adfm.202106727,CCCCCCCCCOC(=O)CCCCCCCN(CCCCCCCCC(=O)OC(CCCCCCCC)CCCCCCCC)CCCN/C(N)=N\C#N,1,1,0.5478982299703803,4,mlp,random
527,10.1002/adfm.202106727,CCCCCCCCCOC(=O)CCCCCCCN(CCCCCCCCC(=O)OC(CCCCCCCC)CCCCCCCC)CCCN/C(=N\C#N)NC,1,1,0.9795500905909658,3,mlp,random
528,10.1002/adfm.202106727,CCCCCCCCCOC(=O)CCCCCCCN(CCCCCCCC(=O)OC(CCCCCCCC)CCCCCCCC)CCCN/C(=N\C#N)N(C)C,1,1,0.988013531854143,2,mlp,random
529,10.1002/adfm.202106727,CCCCCCCCCOC(=O)CCCCCCCN(CCCCCCCCC(=O)OC(CCCCCCCC)CCCCCCCC)CCCN/C(=N\[N+](=O)[O-])N(C)C,1,1,0.9816899796529156,3,mlp,random
530,10.1002/adfm.202106727,CCCCCCCCCOC(=O)CCCCCCCN1CCN(CCCCCCCC(=O)OC(CCCCCCCC)CCCCCCCC)CCCOC1=N,1,1,0.9744250482637685,2,mlp,random
531,10.1002/adfm.202106727,CCCCCCCCCOC(=O)CCCCCCCN(CCCCCCCC(=O)OC(CCCCCCCC)CCCCCCCC)CCCN/C(=N\S(N)(=O)=O)N(C)C,1,1,0.985010327977624,3,mlp,random
532,10.1002/adfm.202106727,CCCCCCCCCOC(=O)CCCCCCCN(CCCCCCCC(=O)OC(CCCCCCCC)CCCCCCCC)CCCNC(N)=C[N+](=O)[O-],1,1,0.9686545830259817,1,mlp,random
533,10.1002/adfm.202106727,CCCCCCCCCOC(=O)CCCCCCCN(CCCCCCCCC(=O)OC(CCCCCCCC)CCCCCCCC)CCCNC(=C[N+](=O)[O-])NC,1,1,0.977854792115884,0,mlp,random
534,10.1002/adfm.202106727,CCCCCCCCCOC(=O)CCCCCCCN(CCCCCCCCC(=O)OC(CCCCCCCC)CCCCCCCC)CCCNC(=C[N+](=O)[O-])N(C)C,1,1,0.9845347856099508,3,mlp,random
535,10.1002/adfm.202106727,CCCCCCCCCOC(=O)CCCCCCCN(CCCCCCCC(=O)OC(CCCCCCCC)CCCCCCCC)CCCNc1nccs1,1,1,0.968277030594535,3,mlp,random
536,10.1002/adfm.202106727,CCCCCCCCCOC(=O)CCCCCCCN(CCCCCCCC(=O)OC(CCCCCCCC)CCCCCCCC)CCCNc1c(N)c(=O)c1=O,1,1,0.6002172522079923,4,mlp,random
537,10.1002/adfm.202106727,CCCCCCCCCOC(=O)CCCCCCCN(CCCCCCCC(=O)OC(CCCCCCCC)CCCCCCCC)CCCNc1c(NC)c(=O)c1=O,1,1,0.9504926298322526,1,mlp,random
538,10.1002/adfm.202106727,CCCCCCCCCCC(=O)OCCCCCCCN(CCCCCCCC(=O)OC(CCCCCCCC)CCCCCCCC)CCCNC(=S)N(C)C,1,1,0.9703916221957654,3,mlp,random
539,10.1002/adfm.202106727,CCCCCCCCCCC(=O)OCCCCCCCN(CCCCCCCC(=O)OC(CCCCCCCC)CCCCCCCC)CCCNc1c(NC)c(=O)c1=O,1,1,0.9904653371279153,2,mlp,random
540,10.1002/adfm.202106727,CCCCCCCCC(C)COC(=O)CCCCCCCN(CCCCCCCC(=O)OC(CCCCCCCC)CCCCCCCC)CCCNC(=S)N(C)C,1,1,0.924258090766645,1,mlp,random
541,10.1002/adfm.202106727,CCCCCCCCC(C)COC(=O)CCCCCCCN(CCCCCCCC(=O)OC(CCCCCCCC)CCCCCCCC)CCCNc1c(NC)c(=O)c1=O,1,1,0.6090983995391833,4,mlp,random
542,10.1002/adfm.202106727,CCCCCCCCC(CC)COC(=O)CCCCCCCN(CCCCCCCC(=O)OC(CCCCCCCC)CCCCCCCC)CCCNC(=S)N(C)C,1,1,0.5456912639907977,4,mlp,random
543,10.1002/adfm.202106727,structure_missing_lnp_543,1,1,0.5363418342119561,4,mlp,random
544,10.1002/adfm.202106727,CCCCCCCCCC(C)(C)COC(=O)CCCCCCCN(CCCCCCCC(=O)OC(CCCCCCCC)CCCCCCCC)CCCNC(=S)N(C)C,1,1,0.9724965287557706,2,mlp,random
545,10.1002/adfm.202106727,CCCCCCCCCOC(=O)CCCCCCCN(CCCCCCCC(=O)OC(CCCCCCCC)CCCCCCCC)CCCNC(=O)Nc1ccc2ccccc2c1,1,1,0.5924630040140098,4,mlp,random
546,10.1002/adfm.202106727,CCCCCCCCCOC(=O)CCCCCCCN(CCCCCCCC(=O)OC(CCCCCCCC)CCCCCCCC)CCCNC(=O)Nc1ccccc1,1,1,0.5034423007448778,4,mlp,random
547,10.1002/adfm.202106727,CCCCCCCCCOC(=O)CCCCCCCN(CCCCCCCC(=O)OC(CCCCCCCC)CCCCCCCC)CCCNC(=O)Nc1ccc(F)cc1,1,1,0.9730699577504899,2,mlp,random
548,10.1002/adfm.202106727,CCCCCCCCCOC(=O)CCCCCCCN(CCCCCCCC(=O)OC(CCCCCCCC)CCCCCCCC)CCCNC(=O)Nc1ccc(Cl)cc1,1,1,0.9980033061523874,3,mlp,random
549,10.1002/adfm.202106727,CCCCCCCCCOC(=O)CCCCCCCN(CCCCCCCC(=O)OC(CCCCCCCC)CCCCCCCC)CCCNC(=O)Nc1ccc(OC)cc1,1,1,0.9601423266079727,0,mlp,random
550,10.1002/adfm.202106727,CCCCCCCCCOC(=O)CCCCCCCN(CCCCCCCC(=O)OC(CCCCCCCC)CCCCCCCC)CCCNC(=O)Nc1ccc([N+](=O)[O-])cc1,1,1,0.9548911307208382,1,mlp,random
551,10.1002/adfm.202106727,CCCCCCCCC(CCCCCCCC)OC(=O)CCCCCCCN(CCCCCCCCC(C)=O)CCCNC(=O)N(C)C,1,1,0.9489914340128711,3,mlp,random
552,10.1002/adfm.202106727,CCCCCCCCC(CCCCCCCC)OC(=O)CCCCCCCN(CCCCCC(=O)CCCCC)CCCNC(=O)N(C)C,0,1,0.9100034732830692,0,mlp,random
553,10.1002/adfm.202106727,CCCCCCCCC(CCCCCCCC)OC(=O)CCCCCCCN(CCCNC(=O)N(C)C)CCC(C)CCC(C)CCC,0,1,0.9147721028013971,2,mlp,random
554,10.1002/adfm.202106727,CCCCCCCCC(CCCCCCCC)OC(=O)CCCCCCCN(CCCNC(=O)N(C)C)CCC(C)CCC(C)CCC(C)CCC,0,1,0.9308574192686453,2,mlp,random
570,10.1016/j.nano.2012.05.019,CCCCC/C=C\C/C=C\CCCCCCCC(=O)OCC(CN(C)C)OC(=O)CCCCCCC/C=C\C/C=C\CCCCC,0,0,0.45789109813932044,3,mlp,random
571,10.1016/j.nano.2012.05.019,CCCCC/C=C\C/C=C\CCCCCCCCOCC(CN(C)C)OCCCCCCCC/C=C\C/C=C\CCCCC,1,1,0.6555407508733001,3,mlp,random
572,10.1016/j.nano.2012.05.019,structure_missing_lnp_572,1,1,0.5644751686441172,1,mlp,random
573,10.1016/j.nano.2012.05.019,CCCCC/C=C\C/C=C\CCCCCCCCC1(CCCCCCCC/C=C\C/C=C\CCCCC)OCC(CCN(C)C)O1,1,1,0.8424190339263179,3,mlp,random
576,10.1002/jbm.a.37705,CCCCCCCCC(O)CN(CCN1CCN(CCN(CC(O)CCCCCCCC)CC(O)CCCCCCCC)CC1)CCN(CC(O)CCCCCCCC)CC(O)CCCCCCCC,1,1,0.6644422399686256,4,mlp,random
581,10.1002/jbm.a.37705,structure_missing_lnp_581,0,0,0.49407281831974564,4,mlp,random
595,10.1038/s41434-019-0095-2,CCCCCCCCCCCCC(O)CN(CCN1CCN(CCN)C(CN(CC(O)CCCCCCCCCCCC)CN(CC(O)CCCCCCCCCCCC)CC(O)CCCCCCCCCCCC)C1)CC(O)CCCCCCCCCCCC,0,1,0.9451939243591359,2,mlp,random
596,10.1038/s41434-019-0095-2,CCCCCCCCCCCCC(O)CN(CCN1CCN(CCN)C(CN(CC(O)CCCCCCCCCCCC)CN(CC(O)CCCCCCCCCCCC)CC(O)CCCCCCCCCCCC)C1)CC(O)CCCCCCCCCCCC,0,1,0.8880187854019568,3,mlp,random
597,10.1038/s41434-019-0095-2,structure_missing_lnp_597,0,0,0.3494996510043429,2,mlp,random
598,10.1038/s41434-019-0095-2,structure_missing_lnp_598,0,1,0.5842329368089406,4,mlp,random
599,10.1038/s41434-019-0095-2,structure_missing_lnp_599,0,0,0.40919976391252694,2,mlp,random
600,10.1038/s41434-019-0095-2,structure_missing_lnp_600,0,0,0.3290698718832414,2,mlp,random
607,10.1126/sciadv.aba1028,structure_missing_lnp_607,1,0,0.4302591660589238,1,mlp,random
608,10.1126/sciadv.aba1028,structure_missing_lnp_608,1,0,0.4145841767887489,1,mlp,random
609,10.1126/sciadv.aba1028,structure_missing_lnp_609,0,1,0.5897578367866015,3,mlp,random
610,10.1126/sciadv.aba1028,structure_missing_lnp_610,0,1,0.5974154214559676,3,mlp,random
611,10.1126/sciadv.aba1028,structure_missing_lnp_611,0,0,0.47556142615189195,0,mlp,random
612,10.1126/sciadv.aba1028,structure_missing_lnp_612,0,1,0.6886490067905926,2,mlp,random
613,10.1126/sciadv.aba1028,structure_missing_lnp_613,1,0,0.4842629466881972,0,mlp,random
614,10.1126/sciadv.aba1028,structure_missing_lnp_614,1,0,0.4343349572125097,1,mlp,random
615,10.1126/sciadv.aba1028,structure_missing_lnp_615,0,1,0.5965635487197742,3,mlp,random
616,10.1126/sciadv.aba1028,structure_missing_lnp_616,1,0,0.4966672049363657,4,mlp,random
617,10.1126/sciadv.aba1028,structure_missing_lnp_617,1,0,0.4169344626430382,1,mlp,random
618,10.1126/sciadv.aba1028,structure_missing_lnp_618,0,1,0.6944051045490776,2,mlp,random
619,10.1126/sciadv.aba1028,structure_missing_lnp_619,0,1,0.5004974320842153,4,mlp,random
620,10.1126/sciadv.aba1028,structure_missing_lnp_620,0,1,0.6911024093004539,2,mlp,random
621,10.1126/sciadv.aba1028,CCCCC/C=C\C/C=C\CCCCCCCCC(CCCCCCCC/C=C\C/C=C\CCCCC)OC(=O)CCCN(C)C,1,1,0.6421366670535159,2,mlp,random
625,10.1021/jacs.2c12893,structure_missing_lnp_625,1,1,0.5117435884568886,4,mlp,random
628,10.1021/jacs.2c12893,structure_missing_lnp_628,1,1,0.6143572567090559,1,mlp,random
631,10.1021/jacs.2c12893,structure_missing_lnp_631,1,1,0.6881302330136376,2,mlp,random
632,10.1021/jacs.2c12893,structure_missing_lnp_632,1,1,0.5827630719995196,3,mlp,random
635,10.1021/jacs.2c12893,CCCCCCCCCCCCC(O)CN(CCN1CCN(CCN)C(CN(CC(O)CCCCCCCCCCCC)CN(CC(O)CCCCCCCCCCCC)CC(O)CCCCCCCCCCCC)C1)CC(O)CCCCCCCCCCCC,0,1,0.9712764129826458,2,mlp,random
636,10.1021/jacs.2c12893,CCCCC/C=C\C/C=C\CCCCCCCCC(CCCCCCCC/C=C\C/C=C\CCCCC)OC(=O)CCCN(C)C,0,0,0.42515734937171984,1,mlp,random
637,10.1016/j.jconrel.2021.11.022,CCCCCCCCCCCCC(O)CN(CCN1CCN(CCN)C(CN(CC(O)CCCCCCCCCCCC)CN(CC(O)CCCCCCCCCCCC)CC(O)CCCCCCCCCCCC)C1)CC(O)CCCCCCCCCCCC,1,1,0.7428459773715547,0,mlp,random
638,10.1016/j.jconrel.2021.11.022,structure_missing_lnp_638,1,1,0.5344580523923032,4,mlp,random
639,10.1016/j.jconrel.2021.11.022,CCCCCCCCC(C)COC(=O)CCN(CCNCCN1CCN(CCC(=O)OCC(C)CCCCCCC)CC1)CCC(=O)OCC(C)CCCCCCCC,1,1,0.859490030448565,0,mlp,random
640,10.1016/j.jconrel.2021.11.022,CCCCCCCCC(O)CN(CCC(=O)NCC[N+](C)(C)CCCS(=O)(=O)[O-])CCN(CCN(CC(O)CCCCCCCC)CC(O)CCCCCCCC)CCN(CC(O)CCCCCCCC)CC(O)CCCCCCCC,1,1,0.6654058677526201,4,mlp,random
665,10.1038/s41563-020-00886-0,CCCCCCCCCOP(=O)(O)OCCN(CCCCCCCC)CCCCCCCC,1,1,0.9839687830609508,1,mlp,random
668,10.1038/s41563-020-00886-0,CCCCCCCCCCCCCCCCO[P-](=O)OCC[N+](CCCC)(CCCCCCCCC)CCO[P-](=O)OCCCCCCCCCCCCCCCC,1,1,0.9984760828254513,2,mlp,random
669,10.1038/s41563-020-00886-0,CCCCCCCCCOP(=O)(O)OCCN(CCCCCCCC)CCCCCCCC,1,1,0.9831835026652556,1,mlp,random
672,10.1038/s41563-020-00886-0,CCCCCCCCCOP(=O)(O)OCCN(CCCCCCCC)CCCCCCCC,1,1,0.9903257344115972,2,mlp,random
673,10.1038/s41563-020-00886-0,CCCCCCCCCOP(=O)(O)OCCN(CCCCCCCC)CCCCCCCC,1,1,0.9739108439179546,0,mlp,random
674,10.1038/s41563-020-00886-0,CCCCCCCCCOP(=O)(O)OCCN(CCCCCCCC)CCCCCCCC,1,1,0.9705011498177412,0,mlp,random
675,10.1038/s41563-020-00886-0,CCCCCCCCCOP(=O)(O)OCCN(CCCCCCCC)CCCCCCCC,1,1,0.9411370481717758,0,mlp,random
679,10.1038/s41563-020-00886-0,CCCCCCCCCCCCCCCCO[P-](=O)OCC[N+](CCCC)(CCCCCCCCC)CCO[P-](=O)OCCCCCCCCCCCCCCCC,1,1,0.998400351151246,2,mlp,random
684,10.1038/s41563-020-00886-0,CCCCCCCCCOP(=O)(O)OCCN(CCCCCCCC)CCCCCCCC,1,1,0.988520437226318,2,mlp,random
685,10.1038/s41563-020-00886-0,CCCCCCCCCOP(=O)(O)OCCN(CCCCCCCC)CCCCCCCC,1,1,0.5967683456732416,4,mlp,random
686,10.1038/s41563-020-00886-0,CCCCCCCCCCCCCCCCO[P-](=O)OCC[N+](CCCC)(CCCCCCCCC)CCO[P-](=O)OCCCCCCCCCCCCCCCC,1,1,0.9959949632172381,1,mlp,random
687,10.1038/s41563-020-00886-0,CCCCC/C=C\C/C=C\CCCCCCCCC(CCCCCCCC/C=C\C/C=C\CCCCC)OC(=O)CCCN(C)C,0,0,0.2648740081005225,2,mlp,random
773,10.1016/j.ijpharm.2023.123050,CCCCCCC(CCCC)C(=O)OCCCCOC(=O)CCN(CCCN(C)CCCN(CCC(=O)OCCCCOC(=O)C(CCCC)CCCCCC)CCC(=O)OCCCCOC(=O)C(CCCC)CCCCCC)CCC(=O)OCCCCOC(=O)C(CCCC)CCCCCC,1,1,0.530545625248122,3,mlp,random
778,10.1002/btm2.10580,CCCCC/C=C\C/C=C\CCCCCCCCC(CCCCCCCC/C=C\C/C=C\CCCCC)OC(=O)CCCN(C)C,1,1,0.8557271925921399,0,mlp,random
779,10.1002/btm2.10580,CCCCC/C=C\C/C=C\CCCCCCCCC(CCCCCCCC/C=C\C/C=C\CCCCC)OC(=O)CCCN(C)C,1,1,0.6411721025442996,1,mlp,random
780,10.1002/btm2.10580,CCCCC/C=C\C/C=C\CCCCCCCCC(CCCCCCCC/C=C\C/C=C\CCCCC)OC(=O)CCCN(C)C,0,1,0.8180221545718878,0,mlp,random
781,10.1002/btm2.10580,CCCCC/C=C\C/C=C\CCCCCCCCC(CCCCCCCC/C=C\C/C=C\CCCCC)OC(=O)CCCN(C)C,1,1,0.6557877087560814,3,mlp,random
782,10.1002/btm2.10580,CCCCCCCCCCCOC(=O)CCCCCN(CCO)CCCCCCCC(=O)OC(CCCCCCCC)CCCCCCCC,1,1,0.5523577443847867,2,mlp,random
783,10.1002/btm2.10580,CCCCCCCCCCCOC(=O)CCCCCN(CCO)CCCCCCCC(=O)OC(CCCCCCCC)CCCCCCCC,0,1,0.8139530807920932,3,mlp,random
784,10.1002/btm2.10580,CCCCCCCCC(CCCCCC)C(=O)OCCCCCCN(CCCCO)CCCCCCOC(=O)C(CCCCCC)CCCCCCCC,0,1,0.6521009721817236,3,mlp,random
785,10.1002/btm2.10580,CCCCCCCCC(CCCCCC)C(=O)OCCCCCCN(CCCCO)CCCCCCOC(=O)C(CCCCCC)CCCCCCCC,0,1,0.709703681318682,0,mlp,random
786,10.1002/btm2.10580,CCCCCCCCCCCOC(=O)CCCCCN(CCO)CCCCCCCC(=O)OC(CCCCCCCC)CCCCCCCC,1,1,0.5017612806785929,3,mlp,random
787,10.1002/btm2.10580,CCCCCCCCCCCOC(=O)CCCCCN(CCO)CCCCCCCC(=O)OC(CCCCCCCC)CCCCCCCC,0,1,0.8979570456745724,0,mlp,random
788,10.1002/btm2.10580,CCCCCCCCCCCOC(=O)CCCCCN(CCO)CCCCCCCC(=O)OC(CCCCCCCC)CCCCCCCC,0,1,0.8979570456745724,0,mlp,random
789,10.1002/btm2.10580,CCCCCCCCCCCOC(=O)CCCCCN(CCO)CCCCCCCC(=O)OC(CCCCCCCC)CCCCCCCC,0,0,0.4778931693894532,2,mlp,random
790,10.1039/d1bm01454d,CCCCCCCCSCC(C)C(=O)OCCOC(=O)CCN(CCCN(C)CCCN(CCC(=O)OCCOC(=O)C(C)CSCCCCCCCC)CCC(=O)OCCOC(=O)C(C)CSCCCCCCCC)CCC(=O)OCCOC(=O)C(C)CSCCCCCCCC,1,1,0.7090748762689515,1,mlp,random
791,10.1039/d1bm01454d,CCCCCCCCSCC(C)C(=O)OCCOC(=O)CCN(CCCN(C)CCCN(CCC(=O)OCCOC(=O)C(C)CSCCCCCCCC)CCC(=O)OCCOC(=O)C(C)CSCCCCCCCC)CCC(=O)OCCOC(=O)C(C)CSCCCCCCCC,1,1,0.719066472086167,0,mlp,random
792,10.1039/d1bm01454d,CCCCCCCCSCC(C)C(=O)OCCOC(=O)CCN(CCCN(C)CCCN(CCC(=O)OCCOC(=O)C(C)CSCCCCCCCC)CCC(=O)OCCOC(=O)C(C)CSCCCCCCCC)CCC(=O)OCCOC(=O)C(C)CSCCCCCCCC,1,1,0.7558478686159005,1,mlp,random
793,10.1039/d1bm01454d,CCCCCCCCSCC(C)C(=O)OCCOC(=O)CCN(CCCN(C)CCCN(CCC(=O)OCCOC(=O)C(C)CSCCCCCCCC)CCC(=O)OCCOC(=O)C(C)CSCCCCCCCC)CCC(=O)OCCOC(=O)C(C)CSCCCCCCCC,1,1,0.5937765702724084,3,mlp,random
794,10.1039/d1bm01454d,CCCCCCCCSCC(C)C(=O)OCCOC(=O)CCN(CCCN(C)CCCN(CCC(=O)OCCOC(=O)C(C)CSCCCCCCCC)CCC(=O)OCCOC(=O)C(C)CSCCCCCCCC)CCC(=O)OCCOC(=O)C(C)CSCCCCCCCC,1,1,0.6374880830238137,3,mlp,random
795,10.1039/d1bm01454d,CCCCCCCCSCC(C)C(=O)OCCOC(=O)CCN(CCCN(C)CCCN(CCC(=O)OCCOC(=O)C(C)CSCCCCCCCC)CCC(=O)OCCOC(=O)C(C)CSCCCCCCCC)CCC(=O)OCCOC(=O)C(C)CSCCCCCCCC,0,1,0.7241759304089909,0,mlp,random
796,10.1039/d1bm01454d,CCCCCCCCSCC(C)C(=O)OCCOC(=O)CCN(CCCN(C)CCCN(CCC(=O)OCCOC(=O)C(C)CSCCCCCCCC)CCC(=O)OCCOC(=O)C(C)CSCCCCCCCC)CCC(=O)OCCOC(=O)C(C)CSCCCCCCCC,0,1,0.7868535590258858,1,mlp,random
797,10.1039/d1bm01454d,CCCCCCCCSCC(C)C(=O)OCCOC(=O)CCN(CCCN(C)CCCN(CCC(=O)OCCOC(=O)C(C)CSCCCCCCCC)CCC(=O)OCCOC(=O)C(C)CSCCCCCCCC)CCC(=O)OCCOC(=O)C(C)CSCCCCCCCC,1,1,0.779152466998044,2,mlp,random
798,10.1039/d1bm01454d,CCCCCCCCSCC(C)C(=O)OCCOC(=O)CCN(CCCN(C)CCCN(CCC(=O)OCCOC(=O)C(C)CSCCCCCCCC)CCC(=O)OCCOC(=O)C(C)CSCCCCCCCC)CCC(=O)OCCOC(=O)C(C)CSCCCCCCCC,1,1,0.7491564950064777,0,mlp,random
799,10.1039/d1bm01454d,CCCCCCCCSCC(C)C(=O)OCCOC(=O)CCN(CCCN(C)CCCN(CCC(=O)OCCOC(=O)C(C)CSCCCCCCCC)CCC(=O)OCCOC(=O)C(C)CSCCCCCCCC)CCC(=O)OCCOC(=O)C(C)CSCCCCCCCC,1,1,0.7178212207035694,4,mlp,random
800,10.1039/d1bm01454d,CCCCCCCCSCC(C)C(=O)OCCOC(=O)CCN(CCCN(C)CCCN(CCC(=O)OCCOC(=O)C(C)CSCCCCCCCC)CCC(=O)OCCOC(=O)C(C)CSCCCCCCCC)CCC(=O)OCCOC(=O)C(C)CSCCCCCCCC,1,1,0.7891321906416063,2,mlp,random
801,10.1039/d1bm01454d,CCCCCCCCSCC(C)C(=O)OCCOC(=O)CCN(CCCN(C)CCCN(CCC(=O)OCCOC(=O)C(C)CSCCCCCCCC)CCC(=O)OCCOC(=O)C(C)CSCCCCCCCC)CCC(=O)OCCOC(=O)C(C)CSCCCCCCCC,0,1,0.7863175360984064,1,mlp,random
802,10.1039/d1bm01454d,CCCCCCCCSCC(C)C(=O)OCCOC(=O)CCN(CCCN(C)CCCN(CCC(=O)OCCOC(=O)C(C)CSCCCCCCCC)CCC(=O)OCCOC(=O)C(C)CSCCCCCCCC)CCC(=O)OCCOC(=O)C(C)CSCCCCCCCC,0,1,0.8198187102131129,2,mlp,random
813,10.1039/d1na00712b,CCCCC/C=C\C/C=C\CCCCCCCCC(CCCCCCCC/C=C\C/C=C\CCCCC)OC(=O)CCCN(C)C,0,1,0.6809184659517641,0,mlp,random
814,10.1039/d1na00712b,CCCCC/C=C\C/C=C\CCCCCCCCC(CCCCCCCC/C=C\C/C=C\CCCCC)OC(=O)CCCN(C)C,0,1,0.7739609945589373,2,mlp,random
815,10.1039/d1na00712b,CCCCC/C=C\C/C=C\CCCCCCCCC(CCCCCCCC/C=C\C/C=C\CCCCC)OC(=O)CCCN(C)C,1,0,0.4903774716932064,4,mlp,random
816,10.1039/d1na00712b,CCCCC/C=C\C/C=C\CCCCCCCCC(CCCCCCCC/C=C\C/C=C\CCCCC)OC(=O)CCCN(C)C,1,0,0.48847019367919026,3,mlp,random
817,10.1039/d1na00712b,CCCCC/C=C\C/C=C\CCCCCCCCC(CCCCCCCC/C=C\C/C=C\CCCCC)OC(=O)CCCN(C)C,1,1,0.7018114908410414,0,mlp,random
818,10.1039/d1na00712b,CCCCC/C=C\C/C=C\CCCCCCCCC(CCCCCCCC/C=C\C/C=C\CCCCC)OC(=O)CCCN(C)C,1,1,0.5285322644750946,4,mlp,random
819,10.1039/d1na00712b,CCCCC/C=C\C/C=C\CCCCCCCCC(CCCCCCCC/C=C\C/C=C\CCCCC)OC(=O)CCCN(C)C,1,1,0.5226168350796164,4,mlp,random
820,10.1039/d1na00712b,CCCCC/C=C\C/C=C\CCCCCCCCC(CCCCCCCC/C=C\C/C=C\CCCCC)OC(=O)CCCN(C)C,1,1,0.5123124586070662,4,mlp,random
821,10.1039/d1na00712b,CCCCC/C=C\C/C=C\CCCCCCCCC(CCCCCCCC/C=C\C/C=C\CCCCC)OC(=O)CCCN(C)C,1,1,0.5349749000178117,1,mlp,random
822,10.1039/d1na00712b,CCCCC/C=C\C/C=C\CCCCCCCCC(CCCCCCCC/C=C\C/C=C\CCCCC)OC(=O)CCCN(C)C,1,1,0.7913134737654799,2,mlp,random
823,10.1039/d1na00712b,CCCCC/C=C\C/C=C\CCCCCCCCC(CCCCCCCC/C=C\C/C=C\CCCCC)OC(=O)CCCN(C)C,1,1,0.5163443832109791,4,mlp,random
824,10.1039/d1na00712b,CCCCC/C=C\C/C=C\CCCCCCCCC(CCCCCCCC/C=C\C/C=C\CCCCC)OC(=O)CCCN(C)C,1,0,0.47256033530562747,3,mlp,random
825,10.1039/d1na00712b,CCCCC/C=C\C/C=C\CCCCCCCCC(CCCCCCCC/C=C\C/C=C\CCCCC)OC(=O)CCCN(C)C,0,1,0.6878755318925723,0,mlp,random
826,10.1039/d1na00712b,CCCCC/C=C\C/C=C\CCCCCCCCC(CCCCCCCC/C=C\C/C=C\CCCCC)OC(=O)CCCN(C)C,0,1,0.6735620530038773,0,mlp,random
827,10.1039/d1na00712b,CCCCC/C=C\C/C=C\CCCCCCCCC(CCCCCCCC/C=C\C/C=C\CCCCC)OC(=O)CCCN(C)C,0,1,0.5566407058505948,1,mlp,random
828,10.1039/d1na00712b,CCCCC/C=C\C/C=C\CCCCCCCCC(CCCCCCCC/C=C\C/C=C\CCCCC)OC(=O)CCCN(C)C,0,1,0.7689885671340416,2,mlp,random
829,10.1039/d1na00712b,CCCCC/C=C\C/C=C\CCCCCCCCC(CCCCCCCC/C=C\C/C=C\CCCCC)OC(=O)CCCN(C)C,1,0,0.4917106973329835,3,mlp,random
830,10.1039/d1na00712b,CCCCC/C=C\C/C=C\CCCCCCCCC(CCCCCCCC/C=C\C/C=C\CCCCC)OC(=O)CCCN(C)C,0,1,0.5046370033874648,4,mlp,random
845,10.1038/nbt.1602,CCCCC/C=C\C/C=C\CCCCCCCCC1(CCCCCCCC/C=C\C/C=C\CCCCC)OCC(CCN(C)C)O1,1,1,0.8881898869634979,1,mlp,random
847,10.1038/s41467-024-50093-7,structure_missing_lnp_847,1,1,0.6370164163114903,2,mlp,random
848,10.1038/s41467-024-50093-7,CCCCCCCCCCCCN(C)CCCC(=O)OCC(COC(=O)CCCN(C)CCCCCCCCCCCC)(OCCCC(=O)N(C)CCCCCCCCCCCC)OC(=O)CCCN(C)CCCCCCCCCCCC,1,1,0.9303911299269527,1,mlp,random
849,10.1038/s41467-024-50093-7,CCCCCCCCCCCCN(C)CCCC(=O)OCC(COC(=O)CCCN(C)CCCCCCCCCCCC)(OCCCC(=O)N(C)CCCCCCCCCCCC)OC(=O)CCCN(C)CCCCCCCCCCCC,1,1,0.9133185817391711,0,mlp,random
850,10.1038/s41467-024-50093-7,CCCCCCCCCCCCN(C)CCCC(=O)OCC(COC(=O)CCCN(C)CCCCCCCCCCCC)(OCCCC(=O)N(C)CCCCCCCCCCCC)OC(=O)CCCN(C)CCCCCCCCCCCC,1,1,0.8318821167819426,3,mlp,random
851,10.1038/s41467-024-50093-7,CCCCCCCCCCCCN(C)CCCC(=O)OCC(COC(=O)CCCN(C)CCCCCCCCCCCC)(OCCCC(=O)N(C)CCCCCCCCCCCC)OC(=O)CCCN(C)CCCCCCCCCCCC,1,1,0.8927208339958442,0,mlp,random
852,10.1038/s41467-024-50093-7,CCCCCCCCCCCCN(C)CCCC(=O)OCC(COC(=O)CCCN(C)CCCCCCCCCCCC)(OCCCC(=O)N(C)CCCCCCCCCCCC)OC(=O)CCCN(C)CCCCCCCCCCCC,1,1,0.9475649518895484,2,mlp,random
855,10.1038/s41467-024-50093-7,CCCCCCCCCCCOC(=O)CCCCCN(CCO)CCCCCCCC(=O)OC(CCCCCCCC)CCCCCCCC,1,1,0.9405758358979545,0,mlp,random
857,10.1038/s41467-024-50093-7,CCCCCCCCC(CCCCCC)C(=O)OCCCCCCN(CCCCO)CCCCCCOC(=O)C(CCCCCC)CCCCCCCC,1,1,0.7585571958832085,3,mlp,random
859,10.1038/s41467-024-50093-7,CCCCC/C=C\C/C=C\CCCCCCCCC(CCCCCCCC/C=C\C/C=C\CCCCC)OC(=O)CCCN(C)C,1,1,0.5398713888517847,4,mlp,random
860,10.1038/s41467-024-50093-7,structure_missing_lnp_860,1,1,0.6327776957184795,0,mlp,random
861,10.1038/s41467-024-50093-7,structure_missing_lnp_861,1,0,0.4778449222279762,4,mlp,random
863,10.1016/j.jconrel.2025.01.071,CCCCCCCCC(CCCCCC)C(=O)OCCCCCCN(CCCCO)CCCCCCOC(=O)C(CCCCCC)CCCCCCCC,1,0,0.36502810012270237,2,mlp,random
865,10.1016/j.jconrel.2025.01.071,CCCCCCCCC(CCCCCC)C(=O)OCCCCCCN(CCCCO)CCCCCCOC(=O)C(CCCCCC)CCCCCCCC,1,1,0.6289298182138171,4,mlp,random
866,10.1016/j.jconrel.2025.01.071,CCCCCCCCC(CCCCCC)C(=O)OCCCCCCN(CCCCO)CCCCCCOC(=O)C(CCCCCC)CCCCCCCC,0,1,0.7087040860159066,1,mlp,random
867,10.1016/j.jconrel.2025.01.071,CCCCCCCCC(CCCCCC)C(=O)OCCCCCCN(CCCCO)CCCCCCOC(=O)C(CCCCCC)CCCCCCCC,0,1,0.7174962355893624,1,mlp,random
868,10.1016/j.jconrel.2025.01.071,CCCCCCCCC(CCCCCC)C(=O)OCCCCCCN(CCCCO)CCCCCCOC(=O)C(CCCCCC)CCCCCCCC,1,1,0.5995923964996868,0,mlp,random
869,10.1016/j.jconrel.2025.01.071,CCCCCCCCC(CCCCCC)C(=O)OCCCCCCN(CCCCO)CCCCCCOC(=O)C(CCCCCC)CCCCCCCC,1,1,0.626167497648753,4,mlp,random
870,10.1016/j.jconrel.2025.01.071,CCCCCCCCC(CCCCCC)C(=O)OCCCCCCN(CCCCO)CCCCCCOC(=O)C(CCCCCC)CCCCCCCC,0,1,0.6190606942929532,3,mlp,random
871,10.1016/j.jconrel.2025.01.071,CCCCCCCCC(CCCCCC)C(=O)OCCCCCCN(CCCCO)CCCCCCOC(=O)C(CCCCCC)CCCCCCCC,1,0,0.12754593870829095,3,mlp,random
872,10.1016/j.jconrel.2025.01.071,CCCCCCCCC(CCCCCC)C(=O)OCCCCCCN(CCCCO)CCCCCCOC(=O)C(CCCCCC)CCCCCCCC,0,1,0.9586788962008279,1,mlp,random
873,10.1016/j.jconrel.2025.01.071,CCCCCCCCC(CCCCCC)C(=O)OCCCCCCN(CCCCO)CCCCCCOC(=O)C(CCCCCC)CCCCCCCC,1,0,0.12742400901720405,3,mlp,random
874,10.1016/j.jconrel.2025.01.071,CCCCCCCCC(CCCCCC)C(=O)OCCCCCCN(CCCCO)CCCCCCOC(=O)C(CCCCCC)CCCCCCCC,0,1,0.6809730311843306,2,mlp,random
875,10.1101/2023.11.09.565872,CCCCCCCCCCCOC(=O)CCCCCN(CCO)CCCCCCCC(=O)OC(CCCCCCCC)CCCCCCCC,1,1,0.9175775467257664,0,mlp,random
876,10.1101/2023.11.09.565872,CCCCCCCCC(CCCCCC)C(=O)OCCCCCCN(CCCCO)CCCCCCOC(=O)C(CCCCCC)CCCCCCCC,1,1,0.5564848317278412,1,mlp,random
877,10.1101/2023.11.09.565872,structure_missing_lnp_877,1,1,0.7816414746451673,0,mlp,random
878,10.1101/2023.11.09.565872,structure_missing_lnp_878,1,1,0.7525285831502867,3,mlp,random
879,10.1101/2023.11.09.565872,structure_missing_lnp_879,1,1,0.8247069438956374,2,mlp,random
880,10.1101/2023.11.09.565872,structure_missing_lnp_880,1,0,0.48724656632642893,4,mlp,random
881,10.1101/2023.11.09.565872,structure_missing_lnp_881,1,0,0.4872512297702538,4,mlp,random
882,10.1101/2023.11.09.565872,structure_missing_lnp_882,1,1,0.7649154371138221,3,mlp,random
885,10.1021/acs.nanolett.1c01353,CCCCCCCCCCCCC(O)CN(CCN1CCN(CCN)C(CN(CC(O)CCCCCCCCCCCC)CN(CC(O)CCCCCCCCCCCC)CC(O)CCCCCCCCCCCC)C1)CC(O)CCCCCCCCCCCC,1,1,0.9349147005361124,2,mlp,random
911,10.1101/2024.09.27.614859,CCCCCCCCCCCOC(=O)CCCCCN(CCO)CCCCCCCC(=O)OC(CCCCCCCC)CCCCCCCC,1,1,0.7733061914671825,0,mlp,random
922,10.1073/pnas.2303567120,CCCCC/C=C\C/C=C\CCCCCCCCC(CCCCCCCC/C=C\C/C=C\CCCCC)OC(=O)CCCN(C)C,0,0,0.3723321905826507,1,mlp,random
923,10.1073/pnas.2303567120,CCCCC/C=C\C/C=C\CCCCCCCCC(CCCCCCCC/C=C\C/C=C\CCCCC)OC(=O)CCCN(C)C,0,1,0.5320954085353387,0,mlp,random
931,10.1073/pnas.2303567120,CCCCC/C=C\C/C=C\CCCCCCCCC(CCCCCCCC/C=C\C/C=C\CCCCC)OC(=O)CCCN(C)C,0,0,0.3894440518659971,1,mlp,random
932,10.1248/cpb.c24-00089,CCCCCCCCCCC(CCCCCCCCC(=O)OCCC(CCCCC)CCCCC)COC(=O)C1CCN(C)CC1,1,1,0.6507164846215403,2,mlp,random
938,10.1248/cpb.c24-00089,CCCCCCCCCCC(CCCCCCCCC(=O)OCCC(CCCCC)CCCCC)COC(=O)C1CCN(C)CC1,1,1,0.5918811192776305,1,mlp,random
940,10.1248/cpb.c24-00089,CCCCCCCCCCC(CCCCCCCCC(=O)OCCC(CCCCC)CCCCC)COC(=O)C1CCN(C)CC1,0,1,0.656832871854545,4,mlp,random
941,10.1002/adma.201505822,structure_missing_lnp_941,1,1,0.747067432178809,0,mlp,random
942,10.1002/adma.201505822,CCCCCCCCC/C=C\CCCCCCCC(O)CN(CCCCC1NN(CC(O)CCCCCCC/C=C\CCCCCCCCC)C(=O)C(CCCCN(CC(O)CCCCCCC/C=C\CCCCCCCCC)CC(O)CCCCCCC/C=C\CCCCCCCCC)NC1=O)CC(O)CCCCCCC/C=C\CCCCCCCCC,1,1,0.8386076601746264,0,mlp,random
943,10.1002/adma.201505822,CCCCCCCCC/C=C/CCCCCCCC(O)CN(CCCCC1NN(CC(O)CCCCCCC/C=C/CCCCCCCCC)C(=O)C(CCCCN(CC(O)CCCCCCC/C=C/CCCCCCCCC)CC(O)CCCCCCC/C=C/CCCCCCCCC)NC1=O)CC(O)CCCCCCC/C=C/CCCCCCCCC,1,1,0.8767060665324695,0,mlp,random
944,10.1002/adma.201505822,CCCCC/C=C\C/C=C\CCCCCCC(O)CN(CCCCC1NC(=O)C(CCCCN(CC(O)CCCCCC/C=C\C/C=C\CCCCC)CC(O)CCCCCC/C=C\C/C=C\CCCCC)NC1=O)CC(O)CCCCCC/C=C\C/C=C\CCCCC,1,1,0.8219633483117985,2,mlp,random
945,10.1002/adma.201505822,CCC/C=C\C/C=C\C/C=C\CCCCCCCC(O)CN(CCCCC1NN(CC(O)CCCCCCC/C=C\C/C=C\C/C=C\CCC)C(=O)C(CCCCN(CC(O)CCCCCCC/C=C\C/C=C\C/C=C\CCC)CC(O)CCCCCCC/C=C\C/C=C\C/C=C\CCC)NC1=O)CC(O)CCCCCCC/C=C\C/C=C\C/C=C\CCC,1,1,0.7278430328442101,0,mlp,random
946,10.1038/s41467-020-16248-y,structure_missing_lnp_946,1,1,0.5395833596441224,4,mlp,random
947,10.1038/s41467-020-16248-y,structure_missing_lnp_947,1,1,0.5133795599519632,4,mlp,random
948,10.1038/s41467-020-16248-y,structure_missing_lnp_948,1,1,0.5915161047199923,3,mlp,random
949,10.1038/s41587-019-0247-3,CCCCCCCC/C=C\CCCCCCCC1(CCCCCCC/C=C\CCCCCCCC)C=NC(C(=O)OCC)N1CCCN1CCCC1,1,1,0.5967146440853235,4,mlp,random
950,10.1038/s41587-019-0247-3,CCCCCCCC/C=C\CCCCCCCC1(CCCCCCC/C=C\CCCCCCCC)C=NC(C(=O)OCC)N1CCCN(C)C,1,1,0.9494737798900169,3,mlp,random
951,10.1038/s41587-019-0247-3,CCCCCCCCC=CCCCCCCCCC1(CCCCCCCCC=CCCCCCCCC)CN(CCCN2CCCCC2)C(C(=O)OCC)=N1,1,1,0.9720661841152813,3,mlp,random
952,10.1038/s41587-019-0247-3,CCCCCCCCC=CCCCCCCCCC1(CCCCCCCCC=CCCCCCCCC)CN(CCCN2CC(C)CCC2CC)C(C(=O)OCC)=N1,1,1,0.9624735496263866,3,mlp,random
953,10.1038/s41587-019-0247-3,CCCCCCCC/C=C\CCCCCCCC1(CCCCCCC/C=C\CCCCCCCC)C=NC(C(=O)OCC)N1CCCN1CCCCC1CC,1,1,0.5393661226743676,4,mlp,random
954,10.1038/s41587-019-0247-3,CCCCCCCCC=CCCCCCCCCC1(CCCCCCCCC=CCCCCCCCC)CN(CCCN2CCCCCC2)C(C(=O)OCC)=N1,1,1,0.9600999229921906,3,mlp,random
955,10.1038/s41587-019-0247-3,CCCCCCCCC=CCCCCCCCCC1(CCCCCCCCC=CCCCCCCCC)CN(CCCN(CC)CC)C(C(=O)OCC)=N1,1,1,0.5297624147635819,4,mlp,random
956,10.1038/s41587-019-0247-3,CCCCCCCCC=CCCCCCCCCC1(CCCCCCCCC=CCCCCCCCC)CN(CCCN(CCCC)CCCC)C(C(=O)OCC)=N1,1,1,0.5235290422955071,4,mlp,random
957,10.1038/s41587-019-0247-3,CCCCCCCCC=CCCCCCCCCC1(CCCCCCCCC=CCCCCCCCC)CN(CCCN(CCC)CCC)C(C(=O)OCC)=N1,1,1,0.5338908632046515,4,mlp,random
958,10.1038/s41587-019-0247-3,CCCCC/C=C\C/C=C\CCCCCCCCC(CCCCCCCC/C=C\C/C=C\CCCCC)OC(=O)CCCN(C)C,0,1,0.7406820934027276,0,mlp,random
959,10.1038/s41587-019-0247-3,CCCCCCCC/C=C\CCCCCCCC1(CCCCCCC/C=C\CCCCCCCC)C=NC(C(=O)OCC)N1CCCN1CCCC1,1,1,0.9904919056801804,3,mlp,random
960,10.1038/s41587-019-0247-3,CCCCCCCC/C=C\CCCCCCCC1(CCCCCCC/C=C\CCCCCCCC)C=NC(C(=O)OCC)N1CCCN1CCCC1,1,1,0.9955888683848015,2,mlp,random
961,10.1038/s41587-019-0247-3,CCCCCCCC/C=C\CCCCCCCC1(CCCCCCC/C=C\CCCCCCCC)C=NC(C(=O)OCC)N1CCCN1CCCC1,1,1,0.982680822565432,0,mlp,random
962,10.1038/s41587-019-0247-3,CCCCCCCC/C=C\CCCCCCCC1(CCCCCCC/C=C\CCCCCCCC)C=NC(C(=O)OCC)N1CCCN1CCCC1,1,1,0.9901109974138336,3,mlp,random
963,10.1038/s41587-019-0247-3,CCCCCCCC/C=C\CCCCCCCC1(CCCCCCC/C=C\CCCCCCCC)C=NC(C(=O)OCC)N1CCCN1CCCC1,1,1,0.996945583718919,2,mlp,random
964,10.1038/s41587-019-0247-3,CCCCCCCC/C=C\CCCCCCCC1(CCCCCCC/C=C\CCCCCCCC)C=NC(C(=O)OCC)N1CCCN1CCCC1,1,1,0.9880016692966088,3,mlp,random
965,10.1038/s41587-019-0247-3,CCCCCCCC/C=C\CCCCCCCC1(CCCCCCC/C=C\CCCCCCCC)C=NC(C(=O)OCC)N1CCCN1CCCC1,1,1,0.9933737797541339,1,mlp,random
966,10.1038/s41587-019-0247-3,CCCCCCCC/C=C\CCCCCCCC1(CCCCCCC/C=C\CCCCCCCC)C=NC(C(=O)OCC)N1CCCN1CCCC1,1,1,0.9857168221131172,0,mlp,random
967,10.1038/s41587-019-0247-3,CCCCCCCC/C=C\CCCCCCCC1(CCCCCCC/C=C\CCCCCCCC)C=NC(C(=O)OCC)N1CCCN1CCCC1,1,1,0.9842920413286503,0,mlp,random
968,10.1038/s41587-019-0247-3,CCCCCCCC/C=C\CCCCCCCC1(CCCCCCC/C=C\CCCCCCCC)C=NC(C(=O)OCC)N1CCCN1CCCC1,1,1,0.9820152953037351,0,mlp,random
969,10.1038/s41587-019-0247-3,CCCCCCCC/C=C\CCCCCCCC1(CCCCCCC/C=C\CCCCCCCC)C=NC(C(=O)OCC)N1CCCN1CCCC1,1,1,0.9945926802913402,1,mlp,random
970,10.1038/s41587-019-0247-3,CCCCCCCC/C=C\CCCCCCCC1(CCCCCCC/C=C\CCCCCCCC)C=NC(C(=O)OCC)N1CCCN1CCCC1,1,1,0.9894124823555839,3,mlp,random
971,10.1038/s41587-019-0247-3,CCCCCCCC/C=C\CCCCCCCC1(CCCCCCC/C=C\CCCCCCCC)C=NC(C(=O)OCC)N1CCCN1CCCC1,1,1,0.9769865676823873,0,mlp,random
972,10.1038/s41587-019-0247-3,CCCCCCCC/C=C\CCCCCCCC1(CCCCCCC/C=C\CCCCCCCC)C=NC(C(=O)OCC)N1CCCN1CCCC1,1,1,0.990607991785345,3,mlp,random
973,10.1038/s41587-019-0247-3,CCCCCCCC/C=C\CCCCCCCC1(CCCCCCC/C=C\CCCCCCCC)C=NC(C(=O)OCC)N1CCCN1CCCC1,1,1,0.9936662930542357,1,mlp,random
974,10.1038/s41587-019-0247-3,CCCCCCCC/C=C\CCCCCCCC1(CCCCCCC/C=C\CCCCCCCC)C=NC(C(=O)OCC)N1CCCN1CCCC1,1,1,0.9643650923275963,0,mlp,random
975,10.1038/s41587-019-0247-3,CCCCCCCC/C=C\CCCCCCCC1(CCCCCCC/C=C\CCCCCCCC)C=NC(C(=O)OCC)N1CCCN1CCCC1,1,1,0.9920280641337995,3,mlp,random
976,10.1038/s41587-019-0247-3,CCCCCCCC/C=C\CCCCCCCC1(CCCCCCC/C=C\CCCCCCCC)C=NC(C(=O)OCC)N1CCCN1CCCC1,1,1,0.9892282601754975,3,mlp,random
977,10.1038/s41587-019-0247-3,CCCCCCCC/C=C\CCCCCCCC1(CCCCCCC/C=C\CCCCCCCC)C=NC(C(=O)OCC)N1CCCN1CCCC1,1,1,0.9808933233260274,0,mlp,random
978,10.1038/s41587-019-0247-3,CCCCCCCC/C=C\CCCCCCCC1(CCCCCCC/C=C\CCCCCCCC)C=NC(C(=O)OCC)N1CCCN1CCCC1,1,1,0.9960461687488411,1,mlp,random
979,10.1038/s41587-019-0247-3,CCCCCCCC/C=C\CCCCCCCC1(CCCCCCC/C=C\CCCCCCCC)C=NC(C(=O)OCC)N1CCCN1CCCC1,1,1,0.5936175600984318,4,mlp,random
980,10.1038/s41587-019-0247-3,CCCCCCCC/C=C\CCCCCCCC1(CCCCCCC/C=C\CCCCCCCC)C=NC(C(=O)OCC)N1CCCN1CCCC1,1,1,0.9945794189680421,2,mlp,random
981,10.1038/s41587-019-0247-3,CCCCCCCC/C=C\CCCCCCCC1(CCCCCCC/C=C\CCCCCCCC)C=NC(C(=O)OCC)N1CCCN1CCCC1,1,1,0.6587063795053818,4,mlp,random
982,10.1038/s41587-019-0247-3,CCCCCCCC/C=C\CCCCCCCC1(CCCCCCC/C=C\CCCCCCCC)C=NC(C(=O)OCC)N1CCCN1CCCC1,1,1,0.9976397764331744,2,mlp,random
983,10.1038/s41587-019-0247-3,CCCCCCCC/C=C\CCCCCCCC1(CCCCCCC/C=C\CCCCCCCC)C=NC(C(=O)OCC)N1CCCN1CCCC1,1,1,0.6587063795053818,4,mlp,random
984,10.1038/s41587-019-0247-3,CCCCCCCC/C=C\CCCCCCCC1(CCCCCCC/C=C\CCCCCCCC)C=NC(C(=O)OCC)N1CCCN1CCCC1,1,1,0.9897528293472732,3,mlp,random
985,10.1038/s41587-019-0247-3,CCCCCCCC/C=C\CCCCCCCC1(CCCCCCC/C=C\CCCCCCCC)C=NC(C(=O)OCC)N1CCCN1CCCC1,1,1,0.9821232421058991,0,mlp,random
986,10.1038/s41587-019-0247-3,CCCCCCCC/C=C\CCCCCCCC1(CCCCCCC/C=C\CCCCCCCC)C=NC(C(=O)OCC)N1CCCN1CCCC1,1,1,0.9831726771893236,0,mlp,random
987,10.1038/s41587-019-0247-3,CCCCCCCC/C=C\CCCCCCCC1(CCCCCCC/C=C\CCCCCCCC)C=NC(C(=O)OCC)N1CCCN1CCCC1,1,1,0.9952351686647972,2,mlp,random
988,10.1038/s41587-019-0247-3,CCCCCCCC/C=C\CCCCCCCC1(CCCCCCC/C=C\CCCCCCCC)C=NC(C(=O)OCC)N1CCCN1CCCC1,1,1,0.9953053971910932,2,mlp,random
989,10.1038/s41587-019-0247-3,CCCCCCCC/C=C\CCCCCCCC1(CCCCCCC/C=C\CCCCCCCC)C=NC(C(=O)OCC)N1CCCN1CCCC1,1,1,0.6417972115116657,4,mlp,random
990,10.1038/s41587-019-0247-3,CCCCCCCC/C=C\CCCCCCCC1(CCCCCCC/C=C\CCCCCCCC)C=NC(C(=O)OCC)N1CCCN1CCCC1,1,1,0.9962919441359409,2,mlp,random
991,10.1038/s41587-019-0247-3,CCCCCCCC/C=C\CCCCCCCC1(CCCCCCC/C=C\CCCCCCCC)C=NC(C(=O)OCC)N1CCCN1CCCC1,1,1,0.9946523487367251,2,mlp,random
992,10.1038/s41587-019-0247-3,CCCCCCCC/C=C\CCCCCCCC1(CCCCCCC/C=C\CCCCCCCC)C=NC(C(=O)OCC)N1CCCN1CCCC1,1,1,0.979040305843138,0,mlp,random
995,10.1073/pnas.0910603106,CCCCCCCCCCCCC(O)CN(CCN1CCN(CCN)C(CN(CC(O)CCCCCCCCCCCC)CN(CC(O)CCCCCCCCCCCC)CC(O)CCCCCCCCCCCC)C1)CC(O)CCCCCCCCCCCC,1,1,0.9276434956214992,0,mlp,random
997,10.1073/pnas.0910603106,CCCCCCCCCCCCC(O)CN(CCN1CCN(CCN)C(CN(CC(O)CCCCCCCCCCCC)CN(CC(O)CCCCCCCCCCCC)CC(O)CCCCCCCCCCCC)C1)CC(O)CCCCCCCCCCCC,1,1,0.9765455021684321,3,mlp,random
1005,10.1002/smll.201805097,CCCCCCOC(=O)CCN(CCCN(C)CCCN(CCC(=O)OCCCCCC)CCC(=O)OCCCCCC)CCC(=O)OCCCCCC,0,1,0.9228500034688094,3,mlp,random
1006,10.1002/smll.201805097,CCCCCCCCOC(=O)CCN(CCCN(N)CCCN(CCC(=O)OCCCCCCCC)CCC(=O)OCCCCCCCC)CCC(=O)OCCCCCCCC,1,1,0.8443428340002423,3,mlp,random
1007,10.1002/smll.201805097,CCCCCCCCCOC(=O)CCN(CCCN(C)CCCN(CCC(=O)OCCCCCCCCC)CCC(=O)OCCCCCCCCC)CCC(=O)OCCCCCCCCC,1,1,0.8103242730173114,0,mlp,random
1008,10.1002/smll.201805097,CCCCCCCCC(C)COC(=O)CCN(CCCN(C)CCCN(CCC(=O)OCC(C)CCCCCCCC)CCC(=O)OCC(C)CCCCCCCC)CCC(=O)OCC(C)CCCCCCC,1,1,0.63809977174152,4,mlp,random
1009,10.1002/smll.201805097,CCCCCCCCCCOC(=O)CCN(CCCN(C)CCCN(CCC(=O)OCCCCCCCCCC)CCC(=O)OCCCCCCCCCC)CCC(=O)OCCCCCCCCCC,1,1,0.819141836396747,2,mlp,random
1010,10.1002/smll.201805097,CCCCCCCCCCCOC(=O)CCN(CCCN(C)CCCN(CCC(=O)OCCCCCCCCCCC)CCC(=O)OCCCCCCCCCCC)CCC(=O)OCCCCCCCCCCC,1,1,0.6227949757082083,4,mlp,random
1011,10.1002/smll.201805097,CCCCCCCCCCCCOC(=O)CCN(CCCN(C)CCCN(CCC(=O)OCCCCCCCCCCCC)CCC(=O)OCCCCCCCCCCCC)CCC(=O)OCCCCCCCCCCC,1,1,0.8162280784669266,2,mlp,random
1012,10.1002/smll.201805097,CCCCCCCCCCCCCOC(=O)CCN(CCCN(C)CCCN(CCC(=O)OCCCCCCCCCCCCC)CCC(=O)OCCCCCCCCCCCCC)CCC(=O)OCCCCCCCCCCCCC,1,1,0.6251096555253699,4,mlp,random
1013,10.1002/smll.201805097,CCCCCCCCCCCCCCOC(=O)CCN(CCCN(C)CCCN(CCC(=O)OCCCCCCCCCCCCCC)CCC(=O)OCCCCCCCCCCCCCC)CCC(=O)OCCCCCCCCCCCCCC,1,1,0.7710216236543855,3,mlp,random
1014,10.1002/smll.201805097,CCCCCCCCCCCCCCCCOC(=O)CCN(CCCN(C)CCCN(CCC(=O)OCCCCCCCCCCCCCCCC)CCC(=O)OCCCCCCCCCCCCCCCC)CCC(=O)OCCCCCCCCCCCCCCCC,1,1,0.5620794205319759,4,mlp,random
1015,10.1002/smll.201805097,CCCCCCCCCCCCCCCCCCOC(=O)CCN(CCCN(C)CCCN(CCC(=O)OCCCCCCCCCCCCCCCCCC)CCC(=O)OCCCCCCCCCCCCCCCCCC)CCC(=O)OCCCCCCCCCCCCCCCCCC,1,1,0.8201459905797077,2,mlp,random
1017,10.1016/j.bbamem.2005.02.001,CCCCCCCC/C=C\CCCCCCCC[N+](C)(C)CCCCCCCC/C=C\CCCCCCCC.[Cl-],1,1,0.9949443251309867,1,mlp,random
1019,10.1016/j.bbamem.2005.02.001,CCCCCCCC/C=C\CCCCCCCC[N+](C)(C)CCCCCCCC/C=C\CCCCCCCC.[Cl-],1,1,0.9941753127537929,2,mlp,random
1021,10.1073/pnas.1209367109,CCCCC/C=C\C/C=C\CCCCCCCCOCC(CN(C)C)OCCCCCCCC/C=C\C/C=C\CCCCC,0,1,0.9072254247886445,0,mlp,random
1023,10.1073/pnas.1209367109,CCCCC/C=C\C/C=C\CCCCCCCCOCC(CN(C)C)OCCCCCCCC/C=C\C/C=C\CCCCC,1,1,0.9982631466789866,1,mlp,random
1025,10.1073/pnas.1209367109,CCCCC/C=C\C/C=C\CCCCCCCCOCC(CN(C)C)OCCCCCCCC/C=C\C/C=C\CCCCC,1,1,0.9982276187528445,1,mlp,random
1029,10.1038/s41551-021-00786-x,CCCCCCCCCCCCC(O)CNCCNCCN(CCNCCN(CCN)CCNCC(O)CCCCCCCCCCCC)CCN(CCNCCN)CCN(CCN)CCNCC(O)CCCCCCCCCCCC,1,1,0.996320909253784,3,mlp,random
1031,10.1038/s41551-021-00786-x,CCCCCCCCCCCCC(O)CNCCNCCN(CCNCCN(CCN)CCNCC(O)CCCCCCCCCCCC)CCN(CCNCCN)CCN(CCN)CCNCC(O)CCCCCCCCCCCC,1,1,0.9974780920473139,1,mlp,random
1032,10.1038/s41551-021-00786-x,CCCCCCCCCCCCC(O)CNCCNCCN(CCNCCN(CCN)CCNCC(O)CCCCCCCCCCCC)CCN(CCNCCN)CCN(CCN)CCNCC(O)CCCCCCCCCCCC,1,1,0.7478161525661634,4,mlp,random
1033,10.1038/s41551-021-00786-x,CCCCCCCCCCCCC(O)CNCCNCCN(CCNCCN(CCN)CCNCC(O)CCCCCCCCCCCC)CCN(CCNCCN)CCN(CCN)CCNCC(O)CCCCCCCCCCCC,1,1,0.9690067553464476,0,mlp,random
1034,10.1038/s41551-021-00786-x,CCCCCCCCCCCCC(O)CNCCNCCN(CCNCCN(CCN)CCNCC(O)CCCCCCCCCCCC)CCN(CCNCCN)CCN(CCN)CCNCC(O)CCCCCCCCCCCC,1,1,0.9990902438557531,2,mlp,random
1089,10.1021/acs.nanolett.0c01386,CCCCC/C=C\C/C=C\CCCCCCCCC(CCCCCCCC/C=C\C/C=C\CCCCC)OC(=O)CCCN(C)C,1,1,0.6106458290817349,1,mlp,random
1090,10.1021/acs.nanolett.0c01386,CCCCC/C=C\C/C=C\CCCCCCCCC(CCCCCCCC/C=C\C/C=C\CCCCC)OC(=O)CCCN(C)C,1,1,0.6107181518527431,1,mlp,random
1091,10.1021/acs.nanolett.0c01386,CCCCC/C=C\C/C=C\CCCCCCCCC(CCCCCCCC/C=C\C/C=C\CCCCC)OC(=O)CCCN(C)C,1,1,0.5326434262442152,4,mlp,random
1092,10.1021/acs.nanolett.0c01386,CCCCC/C=C\C/C=C\CCCCCCCCC(CCCCCCCC/C=C\C/C=C\CCCCC)OC(=O)CCCN(C)C,1,1,0.629909693716166,1,mlp,random
